утверждение,выполнено
"Э2: средний F1 периодического сброса выше, чем у любого детектора river",True
Э2: лучший детектор river по среднему F1 — PageHinkley-up,True
"Э2: при сбросе модели у ADWIN и Page–Hinkley больше ложных тревог, чем без сброса",True
"Э2: ранжирования при reset и none согласованы (τ ≥ 0,7, p < 0,05)",True
"Э3: на сетке F1 растёт с величиной у всех детекторов (ρ > 0,5)",True
"Э3: на сетке ширина перехода слабо связана с F1 (|ρ| < 0,4)",True
"Э3: односторонние детекторы: F1 = 0 при m = 0,03 и F1 ≥ 0,95 при m = 0,4",True
"Э3 (Э9): на виртуальном дрейфе recall превышает случайный уровень не более чем на 0,06",True
"Э3: у EDDM recall на реальном дрейфе превышает случайный уровень не более чем на 0,05",True
"Э3: положительная связь F1 с шумом сопровождается ростом ложных тревог, а не превышения recall",True
Э4: F1 значимо убывает с λ у 7 из 9 детекторов,True
Э4: у двустороннего Page–Hinkley F1 значимо растёт с λ,True
"Э4: при λ = 1 окна допуска покрывают более 90 % потока, при λ = 0 — менее 40 %",True
Э4: только величина значимо затрудняет обнаружение у всех детекторов,True
Э4: доля затронутых признаков при фиксированной TV не даёт ни одной значимой связи,True
"Э5: Фридман отвергает равенство детекторов по F1, FAR и Δaccuracy (p < 0,001)",True
"Э5: по F1 не менее 5 детекторов значимо хуже периодического сброса, ни один не лучше",True
Э5: по Δaccuracy все детекторы значимо лучше периодического сброса,True
"Э6: на ручном наборе средний F1 выше, чем на наборе Э2, у всех детекторов river",True
"Э6: согласие ранжирований ручного набора и Э2 не подтверждено (p ≥ 0,05)",True
Э6: набор Э2 покрывает больше классов таксономии и больше малых величин,True
"Э7: на реальных данных recall на виртуальном дрейфе выше, чем на синтетике (> 0,1)",True
"Э7: согласие ранжирований реальных данных и синтетики не подтверждено (p ≥ 0,05)",True
"Э8: ранжирования по F1 и по Δaccuracy не согласованы (|τ| < 0,3)",True
Э8: у периодического сброса наименьший средний Δaccuracy,True
