генератор,смена,TV,|ΔP(y)|
SEA,0 → 1,0.08635,0.08635000000000004
SEA,1 → 2,0.15935,0.15935
SEA,2 → 3,0.20325,0.20325000000000004
SEA,3 → 0,0.13025,0.1302500000000001
Agrawal,0 → 1,0.54425,0.29414999999999997
Agrawal,1 → 2,0.50835,0.15004999999999996
Agrawal,2 → 3,0.50805,0.14975
Agrawal,3 → 4,0.3884,0.18189999999999998
Agrawal,4 → 5,0.48165,0.17715
Agrawal,5 → 6,0.42365,0.12324999999999997
Agrawal,6 → 7,0.487,0.48319999999999996
Agrawal,7 → 8,0.48685,0.48485
Agrawal,8 → 9,0.5008,0.5008
Agrawal,9 → 0,0.6756,0.6745
STAGGER,0 → 1,0.58845,0.44645
STAGGER,1 → 2,0.4859,0.11529999999999996
STAGGER,2 → 0,0.77765,0.56175
Sine,0 → 1,1.0,0.08489999999999998
Sine,1 → 2,0.7299,0.02100000000000002
Sine,2 → 3,1.0,0.1269
Sine,3 → 0,0.7299,0.02100000000000002
Mixed,0 → 1,1.0,0.0786
