вид,m,seed,m̂,SE,z
real,0.05,0,0.0451,0.0020752346855235433,-2.3611787303775826
real,0.05,1,0.0507,0.00219384388687983,0.3190746635101582
real,0.05,2,0.0542,0.002264119254809693,1.8550259625582397
real,0.05,3,0.0507,0.00219384388687983,0.3190746635101582
real,0.05,4,0.0473,0.0021227979178433352,-1.2719062786452497
real,0.1,0,0.0974,0.0029650166947253432,-0.8768921957927962
real,0.1,1,0.0988,0.002983932975118577,-0.4021538050640432
real,0.1,2,0.1054,0.0030706813576143,1.758567357244583
real,0.1,3,0.1001,0.0030013328705760047,0.033318530237133395
real,0.1,4,0.101,0.0030132872415353966,0.3318634832471062
real,0.2,0,0.1955,0.003965851106635245,-1.1346870769986994
real,0.2,1,0.2,0.004,0.0
real,0.2,2,0.2004,0.0040029968773407755,0.09992513415741335
real,0.2,3,0.1982,0.0039864365039468524,-0.45153108502239964
real,0.2,4,0.2046,0.004034090232010187,1.1402818815254445
real,0.3,0,0.2963,0.004566249117163889,-0.8102930665986227
real,0.3,1,0.2979,0.004573353146215586,-0.4591816841736187
real,0.3,2,0.3005,0.0045847546281126104,0.10905709041310978
real,0.3,3,0.3011,0.004587360788078479,0.2397892929761799
real,0.3,4,0.3047,0.004602802515859225,1.0211170224674888
real,0.4,0,0.3968,0.004892338500144895,-0.6540839314175139
real,0.4,1,0.3998,0.004898570811981797,-0.04082823494371825
real,0.4,2,0.4038,0.004906582925010032,0.7744697395473451
real,0.4,3,0.3991,0.004897133753533796,-0.18378097174710972
real,0.4,4,0.407,0.004912748721438946,1.4248642454380709
virtual,0.05,0,0.05303341760266589,0.005619290329443079,0.5398221883592416
virtual,0.05,1,0.05364603444346128,0.0056387492061090025,0.6466034062148344
virtual,0.05,2,0.045288147252126265,0.005611051848699161,-0.8397450023503367
virtual,0.05,3,0.048095918397318194,0.005636205457491754,-0.3378304103784696
virtual,0.05,4,0.04088671050979187,0.005668326832503351,-1.6077565319541314
virtual,0.1,0,0.10301512314837957,0.005584730742173183,0.539886932347663
virtual,0.1,1,0.10362395754439202,0.005603798461435107,0.6466966236083972
virtual,0.1,2,0.09531513024708116,0.005579958387141763,-0.8395886542298373
virtual,0.1,3,0.09810703243143037,0.005603728898626693,-0.337804987145888
virtual,0.1,4,0.09093732265266774,0.005638876782882092,-1.6071777583159446
virtual,0.2,0,0.20294232618261887,0.00544856775361084,0.5400182792384182
virtual,0.2,1,0.20353628722495465,0.005466633416048224,0.6468857440803091
virtual,0.2,2,0.1954254017187962,0.005450676428604287,-0.8392716649253028
virtual,0.2,3,0.19815200474619554,0.005471432956390785,-0.3377534310542833
virtual,0.2,4,0.1911475146908561,0.005512116583666386,-1.6060047306284775
virtual,0.3,0,0.3028201937565922,0.005221091265318155,0.5401540814514667
virtual,0.3,1,0.3033893281587665,0.005237870724351624,0.6470812925964446
virtual,0.3,2,0.29561247260666157,0.005229820288958055,-0.8389441990199922
virtual,0.3,3,0.2982279879701595,0.005247294100475356,-0.33770015476738396
virtual,0.3,4,0.291506424451877,0.005292628290771988,-1.6047935130702493
virtual,0.4,0,0.402646607729515,0.004898429059298136,0.5402972458060231
virtual,0.4,1,0.4031805411889473,0.004913645640208555,0.6472874565721204
virtual,0.4,2,0.3958797435945649,0.004913260106144406,-0.8385992836573876
virtual,0.4,3,0.3983363401264719,0.004927259973658762,-0.3376440217122872
virtual,0.4,4,0.39202075104169776,0.004976088210705594,-1.6035183904368193
prior,0.05,0,0.0504,0.006593868667178624,0.06066241537248406
prior,0.05,1,0.048099999999999976,0.006622718399569771,-0.28689125603218396
prior,0.05,2,0.05729999999999996,0.006626364840544173,1.1016598354702827
prior,0.05,3,0.03520000000000001,0.006622835495465669,-2.2346923776278045
prior,0.05,4,0.04670000000000002,0.00661160668824152,-0.4991222490395417
prior,0.1,0,0.10460000000000003,0.006697041436335899,0.6868704701514858
prior,0.1,1,0.10249999999999998,0.006722426868326646,0.37188950493146494
prior,0.1,2,0.1069,0.006714626944216633,1.027607349942653
prior,0.1,3,0.08990000000000004,0.00672882151643213,-1.5010057816714633
prior,0.1,4,0.0958,0.006705880255417628,-0.6263159853781854
prior,0.2,0,0.20449999999999996,0.006770404345384402,0.6646574961313411
prior,0.2,1,0.20289999999999997,0.00678915421831026,0.42715188177324004
prior,0.2,2,0.2076,0.006779624768377671,1.1210059936427184
prior,0.2,3,0.187,0.006805515263372788,-1.9102153910323112
prior,0.2,4,0.191,0.006784493938386266,-1.3265543578834287
prior,0.3,0,0.3027,0.006698076664237279,0.40310079077118016
prior,0.3,1,0.3036,0.0067061034886139355,0.5368244027418171
prior,0.3,2,0.3093,0.006692586271390156,1.3895973279800953
prior,0.3,3,0.29330000000000006,0.0067297283006076845,-0.9955825407386697
prior,0.3,4,0.29040000000000005,0.00672326929402653,-1.4278767635455745
prior,0.4,0,0.4039,0.006468570089285576,0.6029153191769305
prior,0.4,1,0.402,0.006474371629741376,0.30891028726441727
prior,0.4,2,0.4092,0.0064517346504641675,1.425973090715703
prior,0.4,3,0.3884,0.0065158433068943575,-1.7802760830246085
prior,0.4,4,0.39220000000000005,0.006504395283191205,-1.1991891114239162
