π₀,η,P̂(y_чист=1),доля инверсий,SE(π)
0.05,0.0,0.0478,0.0,0.0015411035007422442
0.05,0.1,0.0478,0.10365,0.0015411035007422442
0.05,0.2,0.0478,0.20525,0.0015411035007422442
0.1,0.0,0.1005,0.0,0.0021213203435596424
0.1,0.1,0.1005,0.10365,0.0021213203435596424
0.1,0.2,0.1005,0.20525,0.0021213203435596424
0.3,0.0,0.2971,0.0,0.00324037034920393
0.3,0.1,0.2971,0.10365,0.00324037034920393
0.3,0.2,0.2971,0.20525,0.00324037034920393
0.5,0.0,0.4955,0.0,0.0035355339059327377
0.5,0.1,0.4955,0.10365,0.0035355339059327377
0.5,0.2,0.4955,0.20525,0.0035355339059327377
