набор,строк,вид,m,m̃,|m̃ − m|,|ΔP(y)|,предупреждения
bananas,5300,real,0.1,0.10006917671931269,6.917671931268299e-05,0.010158096007959194,—
bananas,5300,real,0.2,0.20006321767607385,6.32176760738401e-05,0.0015783691912282793,—
bananas,5300,real,0.3,0.3000119180864733,1.1918086473328149e-05,0.026527069601625042,W4
bananas,5300,virtual,0.1,0.10000000000000388,3.8719027983802334e-15,0.003575250016379816,W2
bananas,5300,virtual,0.2,0.20000000000000268,2.6645352591003757e-15,0.002401781349746057,W2
bananas,5300,virtual,0.3,0.29999999999999927,7.216449660063518e-16,0.004223307684068589,W2
bananas,5300,prior,0.1,0.10000000000000003,2.7755575615628914e-17,0.10000000000000003,—
bananas,5300,prior,0.2,0.2,0.0,0.1999999999999999,—
bananas,5300,prior,0.3,0.3,0.0,0.3000000000000001,—
phishing,1250,real,0.1,0.09978138582153191,0.0002186141784680934,0.022440836400690445,W4
phishing,1250,real,0.2,0.19960046374279997,0.00039953625720004493,0.0400677418013185,W4
phishing,1250,real,0.3,0.3000683656705561,6.83656705561253e-05,0.0009313847817496446,—
phishing,1250,virtual,0.1,0.10000000000000502,5.009881398621019e-15,0.011038473309266938,W2
phishing,1250,virtual,0.2,0.19999999999999507,4.9404924595819466e-15,0.014275152557357007,W2
phishing,1250,virtual,0.3,0.3000000000000055,5.495603971894525e-15,0.008399405974773677,W2
phishing,1250,prior,0.1,0.10000000000000003,2.7755575615628914e-17,0.10000000000000003,—
phishing,1250,prior,0.2,0.2,0.0,0.2,—
phishing,1250,prior,0.3,0.3,0.0,0.3000000000000001,—
