detector,reset:f1,reset:precision,reset:fp_out,none:f1,none:precision,none:fp_out
ADWIN,0.21844833953046913,0.5096706889738306,1.1770833333333333,0.20816798941798942,0.5384469696969697,0.4479166666666667
PageHinkley,0.2616220283072836,0.25900076701380975,6.244791666666667,0.3143254026066526,0.378984593837535,1.640625
PageHinkley-up,0.36413690476190474,0.5910165484633569,0.5677083333333334,0.33512731481481484,0.5868794326241135,0.5
DDM,0.19113531144781146,0.4865530303030303,0.3541666666666667,0.13386567136567137,0.4052489177489178,0.4947916666666667
EDDM,0.09895152872376012,0.08059453024857668,4.65625,0.06749556881507578,0.045976359413507945,20.166666666666668
HDDM_A,0.23614568302068303,0.6612811791383221,0.203125,0.18489583333333334,0.6285714285714286,0.20833333333333334
HDDM_W,0.27760080631583356,0.4049785950456427,2.5885416666666665,0.21675683293183257,0.3016120943531381,3.078125
FHDDM,0.3145337012524512,0.5861041492620439,0.71875,0.2751907814407814,0.5387322472848789,0.7916666666666666
NoDrift,0.0,,0.0,0.0,,0.0
Periodic(2000),0.3838801598783214,0.2606672396656117,10.25,0.3838801598783214,0.2606672396656117,10.25
Oracle,1.0,1.0,0.0,1.0,1.0,0.0
