детектор,доля отказов,правило,сценариев,отказов в листе,покрыто отказов,точность (CV),класс большинства
PageHinkley,0.40625,"m ≤ 0,12 и π₀ ≤ 0,274",11,0.9090909090909091,0.38461538461538464,0.5756410256410256,0.59375
PageHinkley-up,0.671875,вид = virtual,21,1.0,0.4883720930232558,0.7038461538461538,0.671875
HDDM_W,0.5625,"η ≤ 0,158 и вид ≠ real",23,1.0,0.6388888888888888,0.6884615384615385,0.5625
FHDDM,0.625,"η ≤ 0,158 и вид ≠ real",23,1.0,0.575,0.6525641025641025,0.625
ADWIN,0.75,"вид ≠ real и η > 0,0519",35,0.9428571428571428,0.6875,0.8128205128205129,0.75
HDDM_A,0.78125,"вид ≠ real и d ≤ 15,5",30,1.0,0.6,0.9217948717948719,0.78125
EDDM,0.84375,"вид ≠ real и π₀ > 0,117",37,1.0,0.6851851851851852,0.8910256410256411,0.84375
DDM,0.84375,"вид ≠ real и ℓ ≤ 1,85e+03",37,1.0,0.6851851851851852,0.9538461538461538,0.84375
KSWIN,0.953125,"m ≤ 0,351",46,1.0,0.7540983606557377,,0.953125
