детектор,"ρ(F1, m)","ρ(F1, ℓ)","F1 при m = 0,03","F1 при m = 0,4"
ADWIN,0.8164714188580139,0.11776030079682895,0.1702693602693603,0.34290425261013496
KSWIN,0.8294240025825863,-0.04401970963427134,0.0,0.3
PageHinkley,0.6987111180611849,0.3356168572709625,0.1349231444883619,0.24793128288780464
PageHinkley-up,0.9453280857785273,-0.03361166527212542,0.0,1.0
DDM,0.9491095062382652,-0.08872110601792478,0.0,0.9523809523809523
EDDM,0.9135224956496105,0.14930690251477508,0.0671957671957672,0.717926517926518
HDDM_A,0.8915150331730376,-0.010872134550890701,0.0,1.0
HDDM_W,0.8921994734909411,-0.022304986837273524,0.0,1.0
FHDDM,0.8902086949444664,-0.04228491300986215,0.0,1.0
