detector,параметр,ρ,p,n,p (Холм)
ADWIN,magnitude,0.2791659893359298,0.025487845782781557,64,0.20390276626225246
ADWIN,width,-0.024446484836863274,0.8479412297916946,64,1.0
ADWIN,alpha,0.18468513671811032,0.24164650664757392,42,1.0
ADWIN,pi0,0.12092427544429382,0.34118498214547016,64,1.0
ADWIN,eta,-0.2631692802524918,0.03563650611008872,64,0.24945554277062104
ADWIN,d,-0.1094217458111457,0.3893980101508708,64,1.0
ADWIN,K,0.04842121540485798,0.7039766026363428,64,1.0
ADWIN,n,-0.06805379627021917,0.5931200259082472,64,1.0
DDM,magnitude,0.32870115054114446,0.008003799622031738,64,0.0640303969762539
DDM,width,-0.04627525158630597,0.7165300001563142,64,1.0
DDM,alpha,0.18229322862199093,0.2479039942457029,42,0.9916159769828116
DDM,pi0,0.2092788176210405,0.09698143642933994,64,0.556382673337626
DDM,eta,-0.2204046420380094,0.08010507844367172,64,0.556382673337626
DDM,d,0.0048503518085353066,0.9696571847973912,64,1.0
DDM,K,0.22084870152629418,0.07948323904823229,64,0.556382673337626
DDM,n,-0.005356878422985039,0.9664901894817078,64,1.0
EDDM,magnitude,0.2572555271678128,0.04015405283190229,64,0.24092431699141376
EDDM,width,0.0052150628456414045,0.9673768240510863,64,1.0
EDDM,alpha,0.11387113902091768,0.4727331810599734,42,1.0
EDDM,pi0,-0.02433000072702754,0.8486572079712488,64,1.0
EDDM,eta,-0.39860124567721095,0.001105120683402857,64,0.008840965467222857
EDDM,d,-0.16086446347900013,0.20414155165291875,64,0.816566206611675
EDDM,K,0.3543481988464565,0.004069004530225459,64,0.028483031711578215
EDDM,n,-0.25549133880340713,0.04159003858862598,64,0.24092431699141376
FHDDM,magnitude,0.35657956727016343,0.003826311085501784,64,0.026784177598512485
FHDDM,width,0.11965050705132531,0.34633232313264833,64,1.0
FHDDM,alpha,0.12238436176010004,0.44004655036246726,42,1.0
FHDDM,pi0,0.07339809528472704,0.5643514998336069,64,1.0
FHDDM,eta,0.4420011954496745,0.0002556194203847812,64,0.0020449553630782495
FHDDM,d,0.048167259257263756,0.7054581665350544,64,1.0
FHDDM,K,0.04109137250604666,0.7471586519119322,64,1.0
FHDDM,n,-0.07754822991310419,0.5424735097989348,64,1.0
HDDM_A,magnitude,0.27332425086422346,0.028867303015406753,64,0.23093842412325402
HDDM_A,width,-0.018334582574366473,0.8856601216991675,64,1.0
HDDM_A,alpha,0.11766458365655316,0.4580118406660809,42,1.0
HDDM_A,pi0,0.12297297017058516,0.3330069574993969,64,1.0
HDDM_A,eta,-0.006602404492989543,0.9587049842259586,64,1.0
HDDM_A,d,0.014377311900561964,0.9102229236899385,64,1.0
HDDM_A,K,0.0877156191159442,0.4906818469352915,64,1.0
HDDM_A,n,-0.11211341683462554,0.37776856354879434,64,1.0
HDDM_W,magnitude,0.19685336599817632,0.11897582271419369,64,0.8328307589993558
HDDM_W,width,0.10234610804308662,0.4209651333703925,64,1.0
HDDM_W,alpha,0.07975271066633449,0.6156256014476491,42,1.0
HDDM_W,pi0,-0.016867096489088483,0.8947575714972683,64,1.0
HDDM_W,eta,0.4459782639332489,0.0002212922065545651,64,0.001770337652436521
HDDM_W,d,0.07978310382665009,0.5308655027455309,64,1.0
HDDM_W,K,0.15063894620638124,0.2347727171475511,64,1.0
HDDM_W,n,-0.016114311150663335,0.8994296674634283,64,1.0
KSWIN,magnitude,0.15874757428205927,0.21023738725563715,64,0.8409495490225486
KSWIN,width,0.24273306560862784,0.053285188465868924,64,0.3197111307952135
KSWIN,alpha,-0.048178724174266795,0.7618997506395286,42,1.0
KSWIN,pi0,0.06325369497682591,0.6195037029147213,64,1.0
KSWIN,eta,0.41400236699629933,0.0006721232572776716,64,0.005376986058221372
KSWIN,d,0.2032931793960566,0.10714367080123494,64,0.5357183540061747
KSWIN,K,0.2706327944856609,0.030546579063657462,64,0.21382605344560224
KSWIN,n,-0.09882723169650791,0.43719407956007844,64,1.0
PageHinkley,magnitude,0.22492672544643424,0.07394994335493241,64,0.5176496034845268
PageHinkley,width,0.11091604600069886,0.38291583031977794,64,1.0
PageHinkley,alpha,0.08569652643701416,0.5894654541168918,42,1.0
PageHinkley,pi0,-0.027249943894591466,0.8307477834336796,64,1.0
PageHinkley,eta,0.2067600961833733,0.10116195219156686,64,0.6069717131494011
PageHinkley,d,-0.17733430039592957,0.16095946655603532,64,0.7792744621147121
PageHinkley,K,0.3930641498625817,0.0013139397483777537,64,0.01051151798702203
PageHinkley,n,-0.1794872146255709,0.15585489242294243,64,0.7792744621147121
PageHinkley-up,magnitude,0.33592778188102285,0.006651487147353094,64,0.053211897178824755
PageHinkley-up,width,0.023320181409096353,0.8548691826409621,64,1.0
PageHinkley-up,alpha,-0.0031114206738238,0.9843977186512104,42,1.0
PageHinkley-up,pi0,0.005168832909643835,0.967665863333515,64,1.0
PageHinkley-up,eta,0.04988039650920867,0.6954852116375403,64,1.0
PageHinkley-up,d,0.07511537696962735,0.5552485209534708,64,1.0
PageHinkley-up,K,0.11361057890000087,0.37139139550163247,64,1.0
PageHinkley-up,n,0.163247041177675,0.1974319289002937,64,1.0
