detector,recall (real),recall (virtual),случайный recall (real),случайный recall (virtual),превышение real,превышение virtual
PageHinkley,0.6227513227513227,0.3772486772486772,0.4331935652393248,0.38425694174121505,0.18955775751199794,-0.00700826449253783
PageHinkley-up,0.6275132275132275,0.06164021164021164,0.031227843058017533,0.04674357193059219,0.59628538445521,0.01489663970961945
HDDM_W,0.6391534391534391,0.22354497354497355,0.17744905055637517,0.21409637063768538,0.461704388597064,0.009448602907288162
FHDDM,0.602910052910053,0.12195767195767196,0.05645767925998454,0.06450520811196558,0.5464523736500684,0.057452463845706375
ADWIN,0.46349206349206346,0.06613756613756613,0.09528508819460679,0.07365653830124161,0.36820697529745666,-0.007518972163675475
HDDM_A,0.5177248677248677,0.015079365079365078,0.02902434896221743,0.015799140285081458,0.48870051876265025,-0.0007197752057163803
EDDM,0.4275132275132275,0.034126984126984124,0.4223419347602678,0.32463807237950915,0.005171292752959689,-0.29051108825252503
DDM,0.4587301587301587,0.0031746031746031746,0.06474089605316073,0.03683025097950915,0.39398926267699796,-0.03365564780490597
KSWIN,0.19973544973544974,0.034126984126984124,0.06564153829190558,0.05114643482508923,0.13409391144354416,-0.017019450698105107
