детектор,"ρ(F1, λ)",p,доля невозрастающих шагов,F1 при λ = 0,F1 при λ = 1,p (Холм)
ADWIN,-0.6663390596588524,2.3035999365501867e-05,0.5,0.29221967963386725,0.0,9.214399746200747e-05
KSWIN,-0.16258855830456,0.3659834337638428,0.6,0.6,0.3333333333333333,0.3659834337638428
PageHinkley,0.5174590277017614,0.002042763274957857,0.2,0.24190624190624188,0.38888888888888884,0.006128289824873571
PageHinkley-up,-0.8148878209531746,7.809776955924945e-09,0.9,1.0,0.3333333333333333,6.247821564739956e-08
DDM,-0.7674301454833911,1.8807530871119523e-07,0.8,0.8571428571428571,0.0,1.3165271609783665e-06
EDDM,-0.7442779763292992,6.861527785861546e-07,0.7,0.7579365079365079,0.15565915565915564,3.4307638929307733e-06
HDDM_A,-0.8613130376150085,1.2499079418819474e-10,0.9,1.0,0.16666666666666666,1.1249171476937526e-09
HDDM_W,-0.5173011772997989,0.002050357951910565,0.6,1.0,0.8222222222222223,0.006128289824873571
FHDDM,-0.7531939331251989,4.2382338757798436e-07,0.8,1.0,0.16666666666666666,2.5429403254679064e-06
NoDrift,,,1.0,0.0,0.0,
Periodic(2000),,,1.0,0.5,0.5,
Oracle,,,1.0,1.0,1.0,
