детектор,фактор,ρ,p,p (Холм)
ADWIN,magnitude,-0.7699483832183253,0.000786253113891187,0.003931265569455934
ADWIN,affected_share,-0.005814346575387071,0.9835925118894335,1.0
ADWIN,width,-0.38706936721401897,0.15405931785810179,0.6162372714324071
ADWIN,label_noise,-0.1813387735781456,0.5177681146719928,1.0
ADWIN,minority_share,-0.09642916726065978,0.7324512661200354,1.0
PageHinkley,magnitude,-0.6901681636934296,0.0044023105896554456,0.022011552948277228
PageHinkley,affected_share,-0.21468793419964033,0.4422648700892006,0.8632962037104924
PageHinkley,width,0.3336424046406527,0.2242536731524032,0.6727610194572096
PageHinkley,label_noise,0.5923702618091259,0.01997366500278405,0.0798946600111362
PageHinkley,minority_share,0.21959467291744378,0.4316481018552462,0.8632962037104924
PageHinkley-up,magnitude,-0.8987569054840578,5.263078032435645e-06,2.6315390162178222e-05
PageHinkley-up,affected_share,-0.21877670777129787,0.4334088601174865,0.6208427228076299
PageHinkley-up,width,-0.5056300155925102,0.0545005029130605,0.218002011652242
PageHinkley-up,label_noise,0.3456770371333401,0.20694757426920996,0.6208427228076299
PageHinkley-up,minority_share,-0.3239473112484749,0.2388365993762449,0.6208427228076299
DDM,magnitude,-0.7176499559168577,0.0025920714720710537,0.012960357360355269
DDM,affected_share,-0.05623660146842564,0.8422125068964325,1.0
DDM,width,-0.14649340415294287,0.6023875281031058,1.0
DDM,label_noise,-0.46676379218793285,0.0794260368040742,0.3177041472162968
DDM,minority_share,-0.24152294576982403,0.38582859107321416,1.0
EDDM,magnitude,-0.818457951101655,0.00019128526705986922,0.0009564263352993461
EDDM,affected_share,0.0,1.0,1.0
EDDM,width,0.7019264419631215,0.0035340470213566953,0.010602141064070085
EDDM,label_noise,-0.8054665550524224,0.0002899149754241024,0.0011596599016964095
EDDM,minority_share,0.1715820191465408,0.540904711512895,1.0
HDDM_A,magnitude,-0.9143368661286194,1.8461686310190684e-06,9.230843155095342e-06
HDDM_A,affected_share,0.25064020591380154,0.36758061829912025,1.0
HDDM_A,width,-0.1290994448735806,0.646557280893547,1.0
HDDM_A,label_noise,-0.23062025753541943,0.40827358567978655,1.0
HDDM_A,minority_share,-0.638535762685161,0.010406624617385382,0.04162649846954153
HDDM_W,magnitude,-0.9032258817505465,3.968386376137133e-06,1.9841931880685663e-05
HDDM_W,affected_share,0.32963059741072886,0.23021852748202834,0.6075483738340404
HDDM_W,width,-0.3289758474798845,0.23120133867755302,0.6075483738340404
HDDM_W,label_noise,0.5166666666666667,0.04861016634844612,0.1944406653937845
HDDM_W,minority_share,-0.3488607945232242,0.2025161246113468,0.6075483738340404
FHDDM,magnitude,-0.8193267335418126,0.00018582670842873085,0.0009291335421436543
FHDDM,affected_share,0.19364916731037088,0.48923573053539776,1.0
FHDDM,width,-0.12598815766974242,0.6545801615949522,1.0
FHDDM,label_noise,0.5240323740743642,0.044949222874174175,0.1797968914966967
FHDDM,minority_share,-0.1704985848676184,0.5435015767840436,1.0
