метрика,детектор,медиана разности,"доля сценариев, где лучше",p,p (Холм),вывод
f1,ADWIN,-0.2176470588235294,0.25,0.00018763531460752267,0.0009381765730376133,хуже Periodic
f1,KSWIN,-0.26136363636363635,0.078125,1.7556368595761289e-09,1.4045094876609031e-08,хуже Periodic
f1,PageHinkley,-0.11291486291486294,0.21875,8.047292000522731e-06,5.6331044003659115e-05,хуже Periodic
f1,PageHinkley-up,-0.1566534914361001,0.421875,0.6882317357090952,0.6882317357090952,не обнаружено
f1,DDM,-0.25,0.1875,5.433901950963664e-05,0.0003260341170578198,хуже Periodic
f1,EDDM,-0.2792207792207792,0.0625,5.599118200134403e-11,5.039206380120963e-10,хуже Periodic
f1,HDDM_A,-0.25,0.25,0.005512468044645924,0.022049872178583695,хуже Periodic
f1,HDDM_W,-0.11185383244206773,0.3125,0.006557694006541296,0.022049872178583695,хуже Periodic
f1,FHDDM,-0.13574660633484162,0.375,0.12319828772678128,0.24639657545356256,не обнаружено
delta_accuracy,ADWIN,0.016986523529624042,0.921875,3.2669949675155025e-11,1.306797987006201e-10,лучше Periodic
delta_accuracy,KSWIN,0.01759751324874468,0.84375,4.597805832692478e-07,9.195611665384956e-07,лучше Periodic
delta_accuracy,PageHinkley,0.006071845307294137,0.75,1.7074761732587227e-05,1.7074761732587227e-05,лучше Periodic
delta_accuracy,PageHinkley-up,0.02033943241220885,0.953125,4.908681071049331e-12,4.4178129639443974e-11,лучше Periodic
delta_accuracy,DDM,0.02262686681920852,0.921875,1.1923971044889973e-11,7.968989511308343e-11,лучше Periodic
delta_accuracy,EDDM,0.018977550342993255,0.859375,1.6965113295440964e-10,5.089533988632289e-10,лучше Periodic
delta_accuracy,HDDM_A,0.022222667454536993,0.9375,1.138427073044049e-11,7.968989511308343e-11,лучше Periodic
delta_accuracy,HDDM_W,0.01408550281217419,0.921875,1.572950757315325e-11,7.968989511308343e-11,лучше Periodic
delta_accuracy,FHDDM,0.020480464332052674,0.9375,9.024870814312639e-12,7.219896651450111e-11,лучше Periodic
