A,B,победы A,ничьи,поражения A,медиана разности,p,p (Холм),различие
ADWIN,KSWIN,28,22,14,0.0,0.015681561004150704,0.25090497606641127,не обнаружено
ADWIN,PageHinkley,22,10,32,-0.027777777777777762,0.10613846093978237,0.9625424656548734,не обнаружено
ADWIN,PageHinkley-up,10,19,35,-0.0846560846560846,8.206462517567069e-05,0.0022157448797431086,B лучше
ADWIN,DDM,19,30,15,0.0,0.39154157018908187,1.0,не обнаружено
ADWIN,EDDM,27,26,11,0.0,0.0015466182884182958,0.0355722206336208,A лучше
ADWIN,HDDM_A,15,29,20,0.0,0.4547470754991477,1.0,не обнаружено
ADWIN,HDDM_W,18,17,29,0.0,0.08021187213790612,0.9625424656548734,не обнаружено
ADWIN,FHDDM,15,19,30,0.0,0.014734680785231321,0.25048957334893246,не обнаружено
KSWIN,PageHinkley,7,10,47,-0.14629072987943958,7.341320525313961e-08,2.569462183859886e-06,B лучше
KSWIN,PageHinkley-up,7,15,42,-0.19484126984126982,7.931251312351016e-08,2.6966254461993453e-06,B лучше
KSWIN,DDM,14,27,23,0.0,0.09281428331345436,0.9625424656548734,не обнаружено
KSWIN,EDDM,17,27,20,0.0,0.9676963466617072,1.0,не обнаружено
KSWIN,HDDM_A,8,30,26,0.0,0.0026067028031337724,0.05474075886580922,не обнаружено
KSWIN,HDDM_W,3,24,37,-0.11893686235791497,9.416817642359344e-08,3.1075498219785836e-06,B лучше
KSWIN,FHDDM,3,26,35,-0.07142857142857145,2.4463549262145415e-07,7.583700271265079e-06,B лучше
PageHinkley,PageHinkley-up,25,10,29,0.0,0.056976053280614225,0.7680921547436582,не обнаружено
PageHinkley,DDM,40,9,15,0.11623176206509542,0.006280269709662241,0.11304485477392034,не обнаружено
PageHinkley,EDDM,48,7,9,0.16267186919360832,1.5728175710172615e-07,5.033016227255237e-06,A лучше
PageHinkley,HDDM_A,34,11,19,0.05974025974025974,0.12708293917519015,0.9625424656548734,не обнаружено
PageHinkley,HDDM_W,30,6,28,0.0,0.9573290915803868,1.0,не обнаружено
PageHinkley,FHDDM,29,10,25,0.0,0.5404115266994881,1.0,не обнаружено
PageHinkley-up,DDM,39,19,6,0.10317460317460317,6.755621508089825e-07,2.0266864524269476e-05,A лучше
PageHinkley-up,EDDM,43,15,6,0.1898719336219336,1.637257258300848e-08,5.894126129883053e-07,A лучше
PageHinkley-up,HDDM_A,31,21,12,0.0,0.001339790268492156,0.0334947567123039,A лучше
PageHinkley-up,HDDM_W,31,13,20,0.0,0.03467896189203415,0.5201844283805123,не обнаружено
PageHinkley-up,FHDDM,30,17,17,0.0,0.08677787130440803,0.9625424656548734,не обнаружено
DDM,EDDM,25,31,8,0.0,0.001400528504874516,0.03361268411698838,A лучше
DDM,HDDM_A,12,32,20,0.0,0.11663363109103281,0.9625424656548734,не обнаружено
DDM,HDDM_W,13,18,33,-0.03703703703703709,0.005387780208645884,0.1023678239642718,не обнаружено
DDM,FHDDM,10,22,32,-0.015151515151515138,0.0005936402907863413,0.015434647560444874,B лучше
EDDM,HDDM_A,11,27,26,0.0,0.0022312873073181364,0.049088320760999005,A лучше
EDDM,HDDM_W,13,12,39,-0.16798941798941797,9.840128063725344e-06,0.00028536371384803495,B лучше
EDDM,FHDDM,12,15,37,-0.15000000000000002,1.0791685393874638e-05,0.00030216719102848984,B лучше
HDDM_A,HDDM_W,14,25,25,0.0,0.05486372533883273,0.7680921547436582,не обнаружено
HDDM_A,FHDDM,8,32,24,0.0,0.004573088727206932,0.09146177454413865,не обнаружено
HDDM_W,FHDDM,12,29,23,0.0,0.09813308907226978,0.9625424656548734,не обнаружено
