detector,F1 (ручной),F1 (Э2),ранг (ручной),ранг (Э2)
ADWIN,0.8328643578643579,0.21844833953046913,4.6,5.25
KSWIN,0.4448989898989899,0.11002108423983424,6.9,6.4453125
PageHinkley,0.7197222222222222,0.2616220283072836,5.45,3.9765625
PageHinkley-up,0.9819047619047618,0.36413690476190474,2.3,3.6171875
DDM,0.8796031746031745,0.19113531144781146,4.4,5.671875
EDDM,0.34736934172568523,0.09895152872376012,8.2,6.34375
HDDM_A,0.9323809523809524,0.23614568302068303,3.1,5.1171875
HDDM_W,0.6228062580694159,0.27760080631583356,5.55,4.390625
FHDDM,0.7507936507936507,0.3145337012524512,4.5,4.1875
NoDrift,0.0,0.0,,
Periodic(2000),0.5,0.3838801598783214,,
Oracle,1.0,1.0,,
