detector,delta_accuracy:mean,delta_accuracy:std,f1:mean,f1:std,oracle_gap (real):mean,oracle_gap (real):std
ADWIN,0.005992542743751247,0.03481915669111653,0.21844833953046913,0.32410859401583997,0.0078345619933578,0.011354987778499392
KSWIN,0.003948608413532849,0.022192729694444073,0.11002108423983424,0.22996614264314047,0.024321622097206272,0.028040443654377675
PageHinkley,-0.008609413017078408,0.038773898390357574,0.2616220283072836,0.2212492065404528,0.020789101723228592,0.02360232456835597
PageHinkley-up,0.010956031057996016,0.03344386672090061,0.36413690476190474,0.39610733357970457,0.002979206179153089,0.005249761383855366
DDM,0.012092218678100853,0.03196642152038245,0.19113531144781146,0.34077171628646474,0.004255135756181922,0.007838773059278518
EDDM,0.00666264642376124,0.029134742653091922,0.09895152872376012,0.1935878908334458,0.013559166822025945,0.012587975116561088
HDDM_A,0.011760508088159961,0.03330370998239455,0.23614568302068303,0.3720322668302134,0.003780408177786116,0.006281175466324457
HDDM_W,0.0052487938214088705,0.03682896485740039,0.27760080631583356,0.33085163770173287,0.008074617881704497,0.011244970773902225
FHDDM,0.009873058679403792,0.03429086077876993,0.3145337012524512,0.38526309775267387,0.0035382880468093963,0.006147101095569239
NoDrift,0.0,0.0,0.0,0.0,0.03961600286234078,0.04974432896762671
Periodic(2000),-0.013866610562991537,0.037275688987679974,0.3838801598783214,0.20388504703793006,0.023645856690910124,0.01740259462254156
Oracle,0.005751172044922571,0.038432712970215735,1.0,0.0,0.0,0.0
