детектор,"ρ(F1, Δacc)",p,p (Холм)
ADWIN,0.25543898621153166,0.04163329133455164,0.20816645667275818
KSWIN,-0.017723888308661537,0.8894443077882004,1.0
PageHinkley,0.06376743366915094,0.6166561777134454,1.0
PageHinkley-up,0.3203981206898929,0.009848641364489484,0.0590918481869369
DDM,0.6038851938970252,1.2727228037080287e-07,1.145450523337226e-06
EDDM,0.43851929881809154,0.00028959960742362694,0.0023167968593890156
HDDM_A,0.392468840737644,0.0013383826522653916,0.009368678565857741
HDDM_W,0.05438371166839355,0.669517049439844,1.0
FHDDM,0.17985236790821685,0.15500113393527803,0.6200045357411121
