способ,параметр,КС: равномерное на F,КС: исходный план
reject,n_samples,0.019273839043160053,0.020288394232115356
reject,n_features,0.0222427604623683,0.06499090018199637
reject,minority_share,0.014598408179546897,0.03472959540809184
reject,label_noise,0.011957220235211249,0.0055419991600168
reject,n_drifts,0.012560620279470334,0.01902407951840963
reject,recurring,0.02041390486813602,0.004562228755424892
reject,form,0.015610367260897028,0.013469690606187875
reject,width,0.014911297047323455,0.016164356712865743
reject,kind,0.005377071188266042,0.08448810023799525
reject,magnitude,0.016850711730226252,0.03503072938541229
reject,affected_share,0.020242549358761717,0.04727677446451071
repair,n_samples,0.03580168108602377,0.0
repair,n_features,0.06916293873531687,0.0
repair,minority_share,0.03647446718717029,0.0
repair,label_noise,0.013311387775198706,0.0
repair,n_drifts,0.015536540761060702,0.022
repair,recurring,0.022413694872335937,0.0013333333333333333
repair,form,0.006004747837096434,0.0
repair,width,0.027612893015404094,0.0
repair,kind,0.07911102904972919,0.0
repair,magnitude,0.017492262783990995,0.04083333333333333
repair,affected_share,0.057166666666666664,0.07233333333333333
adapt,n_samples,0.035925652622603714,0.00029675339114965533
adapt,n_features,0.0691141284173271,0.00019157215921725596
adapt,minority_share,0.03650615497903153,0.00018812541694462976
adapt,label_noise,0.013296266583292991,0.0002020235712697354
adapt,n_drifts,0.016469656003348085,0.007208805870580387
adapt,recurring,0.02257480227727256,0.0010346897931954636
adapt,form,0.006060451639631457,0.00010985101178563486
adapt,width,0.01155824358392688,0.025392706248610186
adapt,kind,0.07865928344154596,0.00045174560818323325
adapt,magnitude,0.037546308216168875,0.06981154102735157
adapt,affected_share,0.08072048032021348,0.1066845674894374
