план,способ,seed,доля принятых,доля на границе,классов
сетка,reject,0,1.0,0.0,18
сетка,repair,0,1.0,0.0,18
сетка,adapt,0,1.0,0.0,18
случайная выборка,reject,2027,0.796875,0.0,67
случайная выборка,repair,2027,1.0,0.0859375,74
случайная выборка,adapt,2027,1.0,0.0,74
случайная выборка,reject,2028,0.84375,0.0,74
случайная выборка,repair,2028,1.0,0.0859375,80
случайная выборка,adapt,2028,1.0,0.0,80
случайная выборка,reject,2029,0.78125,0.0,64
случайная выборка,repair,2029,1.0,0.0703125,70
случайная выборка,adapt,2029,1.0,0.0,69
случайная выборка,reject,2030,0.8671875,0.0,74
случайная выборка,repair,2030,1.0,0.046875,82
случайная выборка,adapt,2030,1.0,0.0,82
случайная выборка,reject,2031,0.8203125,0.0,68
случайная выборка,repair,2031,1.0,0.09375,78
случайная выборка,adapt,2031,1.0,0.0,80
латинский гиперкуб,reject,2027,0.7890625,0.0,74
латинский гиперкуб,repair,2027,1.0,0.0859375,79
латинский гиперкуб,adapt,2027,0.984375,0.0,80
латинский гиперкуб,reject,2028,0.78125,0.0,68
латинский гиперкуб,repair,2028,1.0,0.125,80
латинский гиперкуб,adapt,2028,1.0,0.0,80
латинский гиперкуб,reject,2029,0.7734375,0.0,68
латинский гиперкуб,repair,2029,1.0,0.1015625,81
латинский гиперкуб,adapt,2029,1.0,0.0,80
латинский гиперкуб,reject,2030,0.7890625,0.0,69
латинский гиперкуб,repair,2030,1.0,0.1171875,77
латинский гиперкуб,adapt,2030,1.0,0.0,76
латинский гиперкуб,reject,2031,0.78125,0.0,61
латинский гиперкуб,repair,2031,1.0,0.0703125,74
латинский гиперкуб,adapt,2031,1.0,0.0,74
Соболь,reject,2027,0.7421875,0.0,67
Соболь,repair,2027,1.0,0.1171875,82
Соболь,adapt,2027,1.0,0.0,82
Соболь,reject,2028,0.8125,0.0,71
Соболь,repair,2028,1.0,0.0703125,78
Соболь,adapt,2028,1.0,0.0,79
Соболь,reject,2029,0.765625,0.0,67
Соболь,repair,2029,1.0,0.09375,81
Соболь,adapt,2029,1.0,0.0,81
Соболь,reject,2030,0.78125,0.0,72
Соболь,repair,2030,1.0,0.09375,84
Соболь,adapt,2030,0.9921875,0.0,84
Соболь,reject,2031,0.7578125,0.0,68
Соболь,repair,2031,1.0,0.109375,82
Соболь,adapt,2031,1.0,0.0,81
