,f1,f1,precision,precision,recall,recall,mtd,mtd,far,far,delta_accuracy,delta_accuracy,runtime_s,runtime_s
,mean,std,mean,std,mean,std,mean,std,mean,std,mean,std,mean,std
detector,,,,,,,,,,,,,,
ADWIN,0.2125,0.32223180062391943,0.48626373626373626,0.39391236136503666,0.3020833333333333,0.4397758267319587,827.6111111111112,664.8126608858124,0.08023542534765768,0.20134496781371863,0.00438309368413696,0.056403072944967485,0.045173402000045826,0.0320063020085647
KSWIN,0.08750000000000001,0.2629955639676584,0.27999999999999997,0.4381780460041329,0.0875,0.2629955639676584,1189.125,808.7533809821138,0.020872151542944473,0.04605572492143723,0.008782206765338446,0.03654888006172218,6.2714957513125285,2.551307010818136
PageHinkley,0.2906936011081549,0.20475550441166113,0.2508367822653537,0.1848936763067464,0.65,0.3911994849651991,930.2564102564103,543.7046346141026,0.35752288881932365,0.3074561126921835,-0.011220968222575227,0.058409711920566904,0.06183235437504209,0.04838699419636763
PageHinkley-up,0.3734126984126984,0.421463096065868,0.5625,0.4339229671429497,0.36354166666666665,0.4260159425811824,774.3055555555555,549.6402769337212,0.024085713551020117,0.032059169990894795,0.012924879243620346,0.04885874067104742,0.0467773553124573,0.02998769676600129
DDM,0.16875,0.32602402774437755,0.5238095238095238,0.5039526306789697,0.16145833333333334,0.34219978732378614,1051.375,820.5686417560285,0.021276595027534092,0.05382600910283575,0.016864799109540196,0.04613160058693284,0.04483757799999921,0.027935311567384467
EDDM,0.0959561272061272,0.20309984614142224,0.06944444444444445,0.14563611002498617,0.16875,0.3497022543059548,362.1875,271.26780855518655,0.2019185574416615,0.35665487848939637,0.01294739014964258,0.042578015025466126,0.04430350631253077,0.02591825556740525
HDDM_A,0.2375,0.3626803510490154,0.7857142857142857,0.3933978962347216,0.20520833333333333,0.34543149344937657,1000.9166666666666,947.9396825044653,0.0032189627759129677,0.008797706997550694,0.01540154635963984,0.04813635114456637,0.11171089756246033,0.05082013026208625
HDDM_W,0.2863932120511068,0.3573669300083418,0.37976190476190474,0.36432159106799716,0.4458333333333333,0.47248358780040267,710.33125,519.5876792072042,0.10129237525237,0.12873935006047355,0.010006347982559748,0.05073305040624567,0.113936469312506,0.05528137253850783
FHDDM,0.2928342490842491,0.39243901560089384,0.6552083333333333,0.4124293470036307,0.284375,0.3850670336063195,600.5714285714286,433.47841435795357,0.024406956820743776,0.058248909412242623,0.01575974862789109,0.04818407327851976,0.042076086000037094,0.02881312611443244
NoDrift,0.0,0.0,,,0.0,0.0,,,0.0,0.0,0.0,0.0,0.03071451737514508,0.025215953356228303
Periodic(2000),0.391663590163893,0.23406295605869346,0.27462032271909526,0.2335062847303176,1.0,0.0,969.05,305.8373607969753,0.45228546584790225,0.13305413716453157,-0.012450747426645356,0.05113795951655048,0.03366988993749942,0.026711610667454318
Oracle,1.0,0.0,1.0,0.0,1.0,0.0,182.25,210.9500730820763,0.0,0.0,0.007426732432733077,0.053613849350168725,0.03448973231246555,0.027084064681708653
