scenario_id,seed,detector,accuracy,runtime_s,n_resets,n_events,n_detections,tp,fn,fp_out,fp_red,precision,recall,f1,mdr,mtd,median_delay,mtfa,mtfa_capped,mtr,mtr_capped,far,t_stable,family,n,d,pi0,eta,K,kind,form,width,magnitude,alpha,recurring,severity,speed,signature,delta_accuracy,oracle_gap
scn-f0818ee39310,681555473,ADWIN,0.7169918068855688,0.0909514830000262,0,5.0,0.0,0.0,5.0,0.0,0.0,,0.0,0.0,1.0,,,inf,35018.0,,,0.0,35018.0,hyperplane_gauss,48723,27,0.15886300713755191,0.24695917507633566,5,virtual,gradual,541,0.24731842771172521,0.6243781223893166,False,medium,fast,virtual/gradual/K=5/medium/fast/partial/imbalanced/noisy,0.0,-0.011461978500932557
scn-f0818ee39310,681555473,KSWIN,0.7076671625840789,10.293713012999888,5,5.0,5.0,0.0,5.0,5.0,0.0,0.0,0.0,0.0,1.0,,,7003.6,7003.6,,,0.1427837112342224,35018.0,hyperplane_gauss,48723,27,0.15886300713755191,0.24695917507633566,5,virtual,gradual,541,0.24731842771172521,0.6243781223893166,False,medium,fast,virtual/gradual/K=5/medium/fast/partial/imbalanced/noisy,-0.009324644301489937,-0.00213733419944262
scn-f0818ee39310,681555473,PageHinkley,0.6957022819185718,0.13834995200022604,12,5.0,12.0,3.0,2.0,7.0,2.0,0.25,0.6,0.35294117647058826,0.4,972.0,1089.0,5002.571428571428,5002.571428571428,3.0880070546737213,3.0880070546737213,0.19989719572791137,35018.0,hyperplane_gauss,48723,27,0.15886300713755191,0.24695917507633566,5,virtual,gradual,541,0.24731842771172521,0.6243781223893166,False,medium,fast,virtual/gradual/K=5/medium/fast/partial/imbalanced/noisy,-0.021289524966997098,0.00982754646606454
scn-f0818ee39310,681555473,PageHinkley-up,0.7089663265092303,0.10552885599963702,4,5.0,4.0,1.0,4.0,3.0,0.0,0.25,0.2,0.22222222222222224,0.8,269.0,269.0,11672.666666666666,11672.666666666666,8.678562577447334,8.678562577447334,0.08567022674053344,35018.0,hyperplane_gauss,48723,27,0.15886300713755191,0.24695917507633566,5,virtual,gradual,541,0.24731842771172521,0.6243781223893166,False,medium,fast,virtual/gradual/K=5/medium/fast/partial/imbalanced/noisy,-0.008025480376338545,-0.003436498124594012
scn-f0818ee39310,681555473,DDM,0.7169918068855688,0.10142580799993084,0,5.0,0.0,0.0,5.0,0.0,0.0,,0.0,0.0,1.0,,,inf,35018.0,,,0.0,35018.0,hyperplane_gauss,48723,27,0.15886300713755191,0.24695917507633566,5,virtual,gradual,541,0.24731842771172521,0.6243781223893166,False,medium,fast,virtual/gradual/K=5/medium/fast/partial/imbalanced/noisy,0.0,-0.011461978500932557
scn-f0818ee39310,681555473,EDDM,0.715064015254699,0.09905330599985973,1,5.0,1.0,0.0,5.0,1.0,0.0,0.0,0.0,0.0,1.0,,,35018.0,35018.0,,,0.02855674224684448,35018.0,hyperplane_gauss,48723,27,0.15886300713755191,0.24695917507633566,5,virtual,gradual,541,0.24731842771172521,0.6243781223893166,False,medium,fast,virtual/gradual/K=5/medium/fast/partial/imbalanced/noisy,-0.0019277916308698684,-0.009534186870062689
scn-f0818ee39310,681555473,HDDM_A,0.7169918068855688,0.1875699940001141,0,5.0,0.0,0.0,5.0,0.0,0.0,,0.0,0.0,1.0,,,inf,35018.0,,,0.0,35018.0,hyperplane_gauss,48723,27,0.15886300713755191,0.24695917507633566,5,virtual,gradual,541,0.24731842771172521,0.6243781223893166,False,medium,fast,virtual/gradual/K=5/medium/fast/partial/imbalanced/noisy,0.0,-0.011461978500932557
scn-f0818ee39310,681555473,HDDM_W,0.6938792615719883,0.2458191320001788,14,5.0,14.0,4.0,1.0,9.0,1.0,0.2857142857142857,0.8,0.4210526315789473,0.19999999999999996,1409.5,1693.0,3890.8888888888887,3890.8888888888887,2.2083796460525797,2.2083796460525797,0.25701068022160034,35018.0,hyperplane_gauss,48723,27,0.15886300713755191,0.24695917507633566,5,virtual,gradual,541,0.24731842771172521,0.6243781223893166,False,medium,fast,virtual/gradual/K=5/medium/fast/partial/imbalanced/noisy,-0.023112545313580535,0.011650566812647978
scn-f0818ee39310,681555473,FHDDM,0.7079395679232237,0.10736889000008887,5,5.0,5.0,1.0,4.0,4.0,0.0,0.2,0.2,0.20000000000000004,0.8,270.0,270.0,8754.5,8754.5,6.484814814814814,6.484814814814814,0.11422696898737791,35018.0,hyperplane_gauss,48723,27,0.15886300713755191,0.24695917507633566,5,virtual,gradual,541,0.24731842771172521,0.6243781223893166,False,medium,fast,virtual/gradual/K=5/medium/fast/partial/imbalanced/noisy,-0.009052238962345194,-0.0024097395385873632
scn-f0818ee39310,681555473,NoDrift,0.7169918068855688,0.07970457900000838,0,5.0,0.0,0.0,5.0,0.0,0.0,,0.0,0.0,1.0,,,inf,35018.0,,,0.0,35018.0,hyperplane_gauss,48723,27,0.15886300713755191,0.24695917507633566,5,virtual,gradual,541,0.24731842771172521,0.6243781223893166,False,medium,fast,virtual/gradual/K=5/medium/fast/partial/imbalanced/noisy,0.0,-0.011461978500932557
scn-f0818ee39310,681555473,Periodic(2000),0.6836535842256355,0.08332886199968925,23,5.0,23.0,5.0,0.0,16.0,2.0,0.21739130434782608,1.0,0.3571428571428571,0.0,1009.4,954.0,2188.625,2188.625,2.1682435109966316,2.1682435109966316,0.45690787594951165,35018.0,hyperplane_gauss,48723,27,0.15886300713755191,0.24695917507633566,5,virtual,gradual,541,0.24731842771172521,0.6243781223893166,False,medium,fast,virtual/gradual/K=5/medium/fast/partial/imbalanced/noisy,-0.03333822265993336,0.0218762441590008
scn-f0818ee39310,681555473,Oracle,0.7055298283846363,0.08658706599999277,5,5.0,5.0,5.0,0.0,0.0,0.0,1.0,1.0,1.0,0.0,271.0,271.0,inf,35018.0,inf,129.21771217712177,0.0,35018.0,hyperplane_gauss,48723,27,0.15886300713755191,0.24695917507633566,5,virtual,gradual,541,0.24731842771172521,0.6243781223893166,False,medium,fast,virtual/gradual/K=5/medium/fast/partial/imbalanced/noisy,-0.011461978500932557,-0.0
scn-ef58e975b25e,1185068650,ADWIN,0.8750240153698366,0.025819508000040514,2,2.0,2.0,2.0,0.0,0.0,0.0,1.0,1.0,1.0,0.0,617.5,617.5,inf,4720.0,inf,7.6437246963562755,0.0,4720.0,hyperplane_gauss,11410,4,0.30631794477812946,0.06604361291974782,2,real,gradual,845,0.35212456831044137,0.5703603252768517,True,high,fast,real/gradual/K=2/recurring/high/fast/partial/imbalanced/noisy,0.0989433237271854,0.0022094140249759864
scn-ef58e975b25e,1185068650,KSWIN,0.7760806916426513,2.288744145000237,0,2.0,0.0,0.0,2.0,0.0,0.0,,0.0,0.0,1.0,,,inf,4720.0,,,0.0,4720.0,hyperplane_gauss,11410,4,0.30631794477812946,0.06604361291974782,2,real,gradual,845,0.35212456831044137,0.5703603252768517,True,high,fast,real/gradual/K=2/recurring/high/fast/partial/imbalanced/noisy,0.0,0.10115273775216138
scn-ef58e975b25e,1185068650,PageHinkley,0.8663784822286263,0.012466808000226592,5,2.0,5.0,2.0,0.0,3.0,0.0,0.4,1.0,0.5714285714285715,0.0,686.0,686.0,1573.3333333333333,1573.3333333333333,2.2934888241010687,2.2934888241010687,0.635593220338983,4720.0,hyperplane_gauss,11410,4,0.30631794477812946,0.06604361291974782,2,real,gradual,845,0.35212456831044137,0.5703603252768517,True,high,fast,real/gradual/K=2/recurring/high/fast/partial/imbalanced/noisy,0.09029779058597509,0.01085494716618629
scn-ef58e975b25e,1185068650,PageHinkley-up,0.8762728146013449,0.012013381999622652,2,2.0,2.0,2.0,0.0,0.0,0.0,1.0,1.0,1.0,0.0,637.5,637.5,inf,4720.0,inf,7.403921568627451,0.0,4720.0,hyperplane_gauss,11410,4,0.30631794477812946,0.06604361291974782,2,real,gradual,845,0.35212456831044137,0.5703603252768517,True,high,fast,real/gradual/K=2/recurring/high/fast/partial/imbalanced/noisy,0.10019212295869362,0.0009606147934677622
scn-ef58e975b25e,1185068650,DDM,0.8738712776176754,0.011952125999869168,3,2.0,3.0,2.0,0.0,1.0,0.0,0.6666666666666666,1.0,0.8,0.0,609.5,609.5,4720.0,4720.0,7.744052502050861,7.744052502050861,0.211864406779661,4720.0,hyperplane_gauss,11410,4,0.30631794477812946,0.06604361291974782,2,real,gradual,845,0.35212456831044137,0.5703603252768517,True,high,fast,real/gradual/K=2/recurring/high/fast/partial/imbalanced/noisy,0.0977905859750241,0.003362151777137279
scn-ef58e975b25e,1185068650,EDDM,0.8718539865513929,0.011234913999942364,5,2.0,5.0,2.0,0.0,1.0,2.0,0.4,1.0,0.5714285714285715,0.0,582.0,582.0,4720.0,4720.0,8.109965635738831,8.109965635738831,0.211864406779661,4720.0,hyperplane_gauss,11410,4,0.30631794477812946,0.06604361291974782,2,real,gradual,845,0.35212456831044137,0.5703603252768517,True,high,fast,real/gradual/K=2/recurring/high/fast/partial/imbalanced/noisy,0.09577329490874165,0.005379442843419735
scn-ef58e975b25e,1185068650,HDDM_A,0.8760806916426513,0.05263462699986121,2,2.0,2.0,2.0,0.0,0.0,0.0,1.0,1.0,1.0,0.0,616.5,616.5,inf,4720.0,inf,7.656123276561233,0.0,4720.0,hyperplane_gauss,11410,4,0.30631794477812946,0.06604361291974782,2,real,gradual,845,0.35212456831044137,0.5703603252768517,True,high,fast,real/gradual/K=2/recurring/high/fast/partial/imbalanced/noisy,0.10000000000000009,0.0011527377521612925
scn-ef58e975b25e,1185068650,HDDM_W,0.8720461095100864,0.0376659789999394,2,2.0,2.0,2.0,0.0,0.0,0.0,1.0,1.0,1.0,0.0,681.5,681.5,inf,4720.0,inf,6.925898752751284,0.0,4720.0,hyperplane_gauss,11410,4,0.30631794477812946,0.06604361291974782,2,real,gradual,845,0.35212456831044137,0.5703603252768517,True,high,fast,real/gradual/K=2/recurring/high/fast/partial/imbalanced/noisy,0.09596541786743518,0.005187319884726205
scn-ef58e975b25e,1185068650,FHDDM,0.8772334293948126,0.010211551999873336,2,2.0,2.0,2.0,0.0,0.0,0.0,1.0,1.0,1.0,0.0,593.5,593.5,inf,4720.0,inf,7.952822240943555,0.0,4720.0,hyperplane_gauss,11410,4,0.30631794477812946,0.06604361291974782,2,real,gradual,845,0.35212456831044137,0.5703603252768517,True,high,fast,real/gradual/K=2/recurring/high/fast/partial/imbalanced/noisy,0.10115273775216138,-0.0
scn-ef58e975b25e,1185068650,NoDrift,0.7760806916426513,0.0055804580001677095,0,2.0,0.0,0.0,2.0,0.0,0.0,,0.0,0.0,1.0,,,inf,4720.0,,,0.0,4720.0,hyperplane_gauss,11410,4,0.30631794477812946,0.06604361291974782,2,real,gradual,845,0.35212456831044137,0.5703603252768517,True,high,fast,real/gradual/K=2/recurring/high/fast/partial/imbalanced/noisy,0.0,0.10115273775216138
scn-ef58e975b25e,1185068650,Periodic(2000),0.8493756003842459,0.006617974000164395,5,2.0,5.0,2.0,0.0,2.0,1.0,0.4,1.0,0.5714285714285715,0.0,1217.5,1217.5,2360.0,2360.0,1.9383983572895278,1.9383983572895278,0.423728813559322,4720.0,hyperplane_gauss,11410,4,0.30631794477812946,0.06604361291974782,2,real,gradual,845,0.35212456831044137,0.5703603252768517,True,high,fast,real/gradual/K=2/recurring/high/fast/partial/imbalanced/noisy,0.07329490874159461,0.02785782901056677
scn-ef58e975b25e,1185068650,Oracle,0.8772334293948126,0.007057465999878332,2,2.0,2.0,2.0,0.0,0.0,0.0,1.0,1.0,1.0,0.0,423.0,423.0,inf,4720.0,inf,11.15839243498818,0.0,4720.0,hyperplane_gauss,11410,4,0.30631794477812946,0.06604361291974782,2,real,gradual,845,0.35212456831044137,0.5703603252768517,True,high,fast,real/gradual/K=2/recurring/high/fast/partial/imbalanced/noisy,0.10115273775216138,-0.0
scn-eab9ac782338,771769208,ADWIN,0.781323394261207,0.0350218080002378,0,1.0,0.0,0.0,1.0,0.0,0.0,,0.0,0.0,1.0,,,inf,17586.0,,,0.0,17586.0,hyperplane_gauss,20586,14,0.22723008417524398,0.17084331046789883,1,virtual,sudden,0,0.34749491199851035,0.42702200114727024,False,high,abrupt,virtual/sudden/K=1/high/abrupt/partial/imbalanced/noisy,0.0,-0.006331052792811209
scn-eab9ac782338,771769208,KSWIN,0.781323394261207,4.3339840730000105,0,1.0,0.0,0.0,1.0,0.0,0.0,,0.0,0.0,1.0,,,inf,17586.0,,,0.0,17586.0,hyperplane_gauss,20586,14,0.22723008417524398,0.17084331046789883,1,virtual,sudden,0,0.34749491199851035,0.42702200114727024,False,high,abrupt,virtual/sudden/K=1/high/abrupt/partial/imbalanced/noisy,0.0,-0.006331052792811209
scn-eab9ac782338,771769208,PageHinkley,0.7626365771469417,0.036967994999940856,8,1.0,8.0,1.0,0.0,6.0,1.0,0.125,1.0,0.2222222222222222,0.0,920.0,920.0,2931.0,2931.0,3.1858695652173914,3.1858695652173914,0.34118048447628796,17586.0,hyperplane_gauss,20586,14,0.22723008417524398,0.17084331046789883,1,virtual,sudden,0,0.34749491199851035,0.42702200114727024,False,high,abrupt,virtual/sudden/K=1/high/abrupt/partial/imbalanced/noisy,-0.01868681711426534,0.012355764321454132
scn-eab9ac782338,771769208,PageHinkley-up,0.7742264883079751,0.030545298000106413,1,1.0,1.0,1.0,0.0,0.0,0.0,1.0,1.0,1.0,0.0,469.0,469.0,inf,17586.0,inf,37.49680170575693,0.0,17586.0,hyperplane_gauss,20586,14,0.22723008417524398,0.17084331046789883,1,virtual,sudden,0,0.34749491199851035,0.42702200114727024,False,high,abrupt,virtual/sudden/K=1/high/abrupt/partial/imbalanced/noisy,-0.007096905953231869,0.0007658531604206598
scn-eab9ac782338,771769208,DDM,0.7811702236291228,0.02985600300007718,1,1.0,1.0,0.0,1.0,1.0,0.0,0.0,0.0,0.0,1.0,,,17586.0,17586.0,,,0.05686341407938133,17586.0,hyperplane_gauss,20586,14,0.22723008417524398,0.17084331046789883,1,virtual,sudden,0,0.34749491199851035,0.42702200114727024,False,high,abrupt,virtual/sudden/K=1/high/abrupt/partial/imbalanced/noisy,-0.00015317063208419857,-0.006177882160727011
scn-eab9ac782338,771769208,EDDM,0.7784131522516083,0.034607598000093276,6,1.0,6.0,0.0,1.0,6.0,0.0,0.0,0.0,0.0,1.0,,,2931.0,2931.0,,,0.34118048447628796,17586.0,hyperplane_gauss,20586,14,0.22723008417524398,0.17084331046789883,1,virtual,sudden,0,0.34749491199851035,0.42702200114727024,False,high,abrupt,virtual/sudden/K=1/high/abrupt/partial/imbalanced/noisy,-0.0029102420095986625,-0.0034208107832125467
scn-eab9ac782338,771769208,HDDM_A,0.781323394261207,0.06674578199999814,0,1.0,0.0,0.0,1.0,0.0,0.0,,0.0,0.0,1.0,,,inf,17586.0,,,0.0,17586.0,hyperplane_gauss,20586,14,0.22723008417524398,0.17084331046789883,1,virtual,sudden,0,0.34749491199851035,0.42702200114727024,False,high,abrupt,virtual/sudden/K=1/high/abrupt/partial/imbalanced/noisy,0.0,-0.006331052792811209
scn-eab9ac782338,771769208,HDDM_W,0.775962422138262,0.07552373099997567,2,1.0,2.0,0.0,1.0,2.0,0.0,0.0,0.0,0.0,1.0,,,8793.0,8793.0,,,0.11372682815876266,17586.0,hyperplane_gauss,20586,14,0.22723008417524398,0.17084331046789883,1,virtual,sudden,0,0.34749491199851035,0.42702200114727024,False,high,abrupt,virtual/sudden/K=1/high/abrupt/partial/imbalanced/noisy,-0.005360972122944951,-0.0009700806698662578
scn-eab9ac782338,771769208,FHDDM,0.781323394261207,0.026859779999995226,0,1.0,0.0,0.0,1.0,0.0,0.0,,0.0,0.0,1.0,,,inf,17586.0,,,0.0,17586.0,hyperplane_gauss,20586,14,0.22723008417524398,0.17084331046789883,1,virtual,sudden,0,0.34749491199851035,0.42702200114727024,False,high,abrupt,virtual/sudden/K=1/high/abrupt/partial/imbalanced/noisy,0.0,-0.006331052792811209
scn-eab9ac782338,771769208,NoDrift,0.781323394261207,0.019462008999653335,0,1.0,0.0,0.0,1.0,0.0,0.0,,0.0,0.0,1.0,,,inf,17586.0,,,0.0,17586.0,hyperplane_gauss,20586,14,0.22723008417524398,0.17084331046789883,1,virtual,sudden,0,0.34749491199851035,0.42702200114727024,False,high,abrupt,virtual/sudden/K=1/high/abrupt/partial/imbalanced/noisy,0.0,-0.006331052792811209
scn-eab9ac782338,771769208,Periodic(2000),0.756101296844685,0.020861916999820096,9,1.0,9.0,1.0,0.0,8.0,0.0,0.1111111111111111,1.0,0.19999999999999998,0.0,1207.0,1207.0,2198.25,2198.25,1.8212510356255178,1.8212510356255178,0.45490731263505063,17586.0,hyperplane_gauss,20586,14,0.22723008417524398,0.17084331046789883,1,virtual,sudden,0,0.34749491199851035,0.42702200114727024,False,high,abrupt,virtual/sudden/K=1/high/abrupt/partial/imbalanced/noisy,-0.025222097416522038,0.01889104462371083
scn-eab9ac782338,771769208,Oracle,0.7749923414683958,0.02080475499997192,1,1.0,1.0,1.0,0.0,0.0,0.0,1.0,1.0,1.0,0.0,1.0,1.0,inf,17586.0,inf,17586.0,0.0,17586.0,hyperplane_gauss,20586,14,0.22723008417524398,0.17084331046789883,1,virtual,sudden,0,0.34749491199851035,0.42702200114727024,False,high,abrupt,virtual/sudden/K=1/high/abrupt/partial/imbalanced/noisy,-0.006331052792811209,-0.0
scn-fceb2ba96c6d,1958901549,ADWIN,0.8419509664029057,0.05009716699987621,1,3.0,1.0,0.0,3.0,1.0,0.0,0.0,0.0,0.0,1.0,,,32155.0,32155.0,,,0.03109936246306951,32155.0,hyperplane_gauss,39545,2,0.4031852092128247,0.14435675656422972,3,prior,incremental,130,0.03200858101248741,1.0,False,low,fast,prior/incremental/K=3/low/fast/n/a/balanced/noisy,-0.0042288234531068225,-0.003217019068621041
scn-fceb2ba96c6d,1958901549,KSWIN,0.8461797898560125,8.40234975300018,0,3.0,0.0,0.0,3.0,0.0,0.0,,0.0,0.0,1.0,,,inf,32155.0,,,0.0,32155.0,hyperplane_gauss,39545,2,0.4031852092128247,0.14435675656422972,3,prior,incremental,130,0.03200858101248741,1.0,False,low,fast,prior/incremental/K=3/low/fast/n/a/balanced/noisy,0.0,-0.007445842521727863
scn-fceb2ba96c6d,1958901549,PageHinkley,0.8356207030743287,0.03766063500006567,7,3.0,7.0,0.0,3.0,7.0,0.0,0.0,0.0,0.0,1.0,,,4593.571428571428,4593.571428571428,,,0.21769553724148655,32155.0,hyperplane_gauss,39545,2,0.4031852092128247,0.14435675656422972,3,prior,incremental,130,0.03200858101248741,1.0,False,low,fast,prior/incremental/K=3/low/fast/n/a/balanced/noisy,-0.010559086781683824,0.0031132442599559607
scn-fceb2ba96c6d,1958901549,PageHinkley-up,0.8450901543650279,0.034297928000341926,1,3.0,1.0,0.0,3.0,1.0,0.0,0.0,0.0,0.0,1.0,,,32155.0,32155.0,,,0.03109936246306951,32155.0,hyperplane_gauss,39545,2,0.4031852092128247,0.14435675656422972,3,prior,incremental,130,0.03200858101248741,1.0,False,low,fast,prior/incremental/K=3/low/fast/n/a/balanced/noisy,-0.0010896354909846195,-0.006356207030743244
scn-fceb2ba96c6d,1958901549,DDM,0.8461797898560125,0.034085064999999304,0,3.0,0.0,0.0,3.0,0.0,0.0,,0.0,0.0,1.0,,,inf,32155.0,,,0.0,32155.0,hyperplane_gauss,39545,2,0.4031852092128247,0.14435675656422972,3,prior,incremental,130,0.03200858101248741,1.0,False,low,fast,prior/incremental/K=3/low/fast/n/a/balanced/noisy,0.0,-0.007445842521727863
scn-fceb2ba96c6d,1958901549,EDDM,0.8452977039823583,0.032377128999996785,9,3.0,9.0,0.0,3.0,9.0,0.0,0.0,0.0,0.0,1.0,,,3572.777777777778,3572.777777777778,,,0.2798942621676256,32155.0,hyperplane_gauss,39545,2,0.4031852092128247,0.14435675656422972,3,prior,incremental,130,0.03200858101248741,1.0,False,low,fast,prior/incremental/K=3/low/fast/n/a/balanced/noisy,-0.000882085873654237,-0.0065637566480736265
scn-fceb2ba96c6d,1958901549,HDDM_A,0.8461797898560125,0.11389068400012547,0,3.0,0.0,0.0,3.0,0.0,0.0,,0.0,0.0,1.0,,,inf,32155.0,,,0.0,32155.0,hyperplane_gauss,39545,2,0.4031852092128247,0.14435675656422972,3,prior,incremental,130,0.03200858101248741,1.0,False,low,fast,prior/incremental/K=3/low/fast/n/a/balanced/noisy,0.0,-0.007445842521727863
scn-fceb2ba96c6d,1958901549,HDDM_W,0.8461797898560125,0.10979762600027243,0,3.0,0.0,0.0,3.0,0.0,0.0,,0.0,0.0,1.0,,,inf,32155.0,,,0.0,32155.0,hyperplane_gauss,39545,2,0.4031852092128247,0.14435675656422972,3,prior,incremental,130,0.03200858101248741,1.0,False,low,fast,prior/incremental/K=3/low/fast/n/a/balanced/noisy,0.0,-0.007445842521727863
scn-fceb2ba96c6d,1958901549,FHDDM,0.8461797898560125,0.028196942000249692,0,3.0,0.0,0.0,3.0,0.0,0.0,,0.0,0.0,1.0,,,inf,32155.0,,,0.0,32155.0,hyperplane_gauss,39545,2,0.4031852092128247,0.14435675656422972,3,prior,incremental,130,0.03200858101248741,1.0,False,low,fast,prior/incremental/K=3/low/fast/n/a/balanced/noisy,0.0,-0.007445842521727863
scn-fceb2ba96c6d,1958901549,NoDrift,0.8461797898560125,0.015782192000187933,0,3.0,0.0,0.0,3.0,0.0,0.0,,0.0,0.0,1.0,,,inf,32155.0,,,0.0,32155.0,hyperplane_gauss,39545,2,0.4031852092128247,0.14435675656422972,3,prior,incremental,130,0.03200858101248741,1.0,False,low,fast,prior/incremental/K=3/low/fast/n/a/balanced/noisy,0.0,-0.007445842521727863
scn-fceb2ba96c6d,1958901549,Periodic(2000),0.826799844337787,0.0178047740000693,19,3.0,19.0,3.0,0.0,16.0,0.0,0.15789473684210525,1.0,0.2727272727272727,0.0,1126.3333333333333,945.0,2009.6875,2009.6875,1.7842741935483872,1.7842741935483872,0.49758979940911213,32155.0,hyperplane_gauss,39545,2,0.4031852092128247,0.14435675656422972,3,prior,incremental,130,0.03200858101248741,1.0,False,low,fast,prior/incremental/K=3/low/fast/n/a/balanced/noisy,-0.019379945518225528,0.011934102996497664
scn-fceb2ba96c6d,1958901549,Oracle,0.8387339473342846,0.01894679199995153,3,3.0,3.0,3.0,0.0,0.0,0.0,1.0,1.0,1.0,0.0,66.0,66.0,inf,32155.0,inf,487.1969696969697,0.0,32155.0,hyperplane_gauss,39545,2,0.4031852092128247,0.14435675656422972,3,prior,incremental,130,0.03200858101248741,1.0,False,low,fast,prior/incremental/K=3/low/fast/n/a/balanced/noisy,-0.007445842521727863,-0.0
scn-8b7357aa82e6,1083536928,ADWIN,0.8322352781362494,0.04708957799994096,8,4.0,8.0,4.0,0.0,3.0,1.0,0.5,1.0,0.6666666666666666,0.0,101.5,101.5,7148.666666666667,7148.666666666667,70.43021346469622,70.43021346469622,0.13988622586962604,21446.0,hyperplane_gauss,30446,15,0.3698491238523275,0.09413866437971592,4,real,sudden,0,0.4270735745184242,0.5327603593468666,False,high,abrupt,real/sudden/K=4/high/abrupt/partial/imbalanced/noisy,0.15356924539835637,0.01647082795625887
scn-8b7357aa82e6,1083536928,KSWIN,0.8240168443931264,6.333037574000173,4,4.0,4.0,4.0,0.0,0.0,0.0,1.0,1.0,1.0,0.0,617.25,588.5,inf,21446.0,inf,34.7444309437019,0.0,21446.0,hyperplane_gauss,30446,15,0.3698491238523275,0.09413866437971592,4,real,sudden,0,0.4270735745184242,0.5327603593468666,False,high,abrupt,real/sudden/K=4/high/abrupt/partial/imbalanced/noisy,0.14535081165523334,0.024689261699381904
scn-8b7357aa82e6,1083536928,PageHinkley,0.8006860014942607,0.09008117199982735,25,4.0,25.0,4.0,0.0,18.0,3.0,0.16,1.0,0.2758620689655173,0.0,337.5,199.5,1191.4444444444443,1191.4444444444443,3.5302057613168722,3.5302057613168722,0.8393173552177562,21446.0,hyperplane_gauss,30446,15,0.3698491238523275,0.09413866437971592,4,real,sudden,0,0.4270735745184242,0.5327603593468666,False,high,abrupt,real/sudden/K=4/high/abrupt/partial/imbalanced/noisy,0.12201996875636767,0.04802010459824757
scn-8b7357aa82e6,1083536928,PageHinkley-up,0.842729063370237,0.04656545099987852,4,4.0,4.0,4.0,0.0,0.0,0.0,1.0,1.0,1.0,0.0,156.25,172.5,inf,21446.0,inf,137.2544,0.0,21446.0,hyperplane_gauss,30446,15,0.3698491238523275,0.09413866437971592,4,real,sudden,0,0.4270735745184242,0.5327603593468666,False,high,abrupt,real/sudden/K=4/high/abrupt/partial/imbalanced/noisy,0.16406303063234395,0.005977042722271286
scn-8b7357aa82e6,1083536928,DDM,0.8426271819601984,0.04636710900012986,4,4.0,4.0,4.0,0.0,0.0,0.0,1.0,1.0,1.0,0.0,189.0,201.5,inf,21446.0,inf,113.47089947089947,0.0,21446.0,hyperplane_gauss,30446,15,0.3698491238523275,0.09413866437971592,4,real,sudden,0,0.4270735745184242,0.5327603593468666,False,high,abrupt,real/sudden/K=4/high/abrupt/partial/imbalanced/noisy,0.1639611492223053,0.006078924132309926
scn-8b7357aa82e6,1083536928,EDDM,0.8218433743123005,0.04960451599981752,9,4.0,9.0,4.0,0.0,3.0,2.0,0.4444444444444444,1.0,0.6153846153846153,0.0,609.25,633.0,7148.666666666667,7148.666666666667,11.733552181644098,11.733552181644098,0.13988622586962604,21446.0,hyperplane_gauss,30446,15,0.3698491238523275,0.09413866437971592,4,real,sudden,0,0.4270735745184242,0.5327603593468666,False,high,abrupt,real/sudden/K=4/high/abrupt/partial/imbalanced/noisy,0.14317734157440742,0.026862731780207816
scn-8b7357aa82e6,1083536928,HDDM_A,0.8461251103715275,0.14489378999996916,4,4.0,4.0,4.0,0.0,0.0,0.0,1.0,1.0,1.0,0.0,84.0,65.0,inf,21446.0,inf,255.3095238095238,0.0,21446.0,hyperplane_gauss,30446,15,0.3698491238523275,0.09413866437971592,4,real,sudden,0,0.4270735745184242,0.5327603593468666,False,high,abrupt,real/sudden/K=4/high/abrupt/partial/imbalanced/noisy,0.16745907763363443,0.0025809957209808054
scn-8b7357aa82e6,1083536928,HDDM_W,0.8465326360116824,0.11402898100004677,4,4.0,4.0,4.0,0.0,0.0,0.0,1.0,1.0,1.0,0.0,51.75,40.0,inf,21446.0,inf,414.4154589371981,0.0,21446.0,hyperplane_gauss,30446,15,0.3698491238523275,0.09413866437971592,4,real,sudden,0,0.4270735745184242,0.5327603593468666,False,high,abrupt,real/sudden/K=4/high/abrupt/partial/imbalanced/noisy,0.16786660327378933,0.002173470080825912
scn-8b7357aa82e6,1083536928,FHDDM,0.8469741221218502,0.04314301300018997,4,4.0,4.0,4.0,0.0,0.0,0.0,1.0,1.0,1.0,0.0,65.5,65.0,inf,21446.0,inf,327.41984732824426,0.0,21446.0,hyperplane_gauss,30446,15,0.3698491238523275,0.09413866437971592,4,real,sudden,0,0.4270735745184242,0.5327603593468666,False,high,abrupt,real/sudden/K=4/high/abrupt/partial/imbalanced/noisy,0.16830808938395714,0.001731983970658102
scn-8b7357aa82e6,1083536928,NoDrift,0.678666032737893,0.030117518000224663,0,4.0,0.0,0.0,4.0,0.0,0.0,,0.0,0.0,1.0,,,inf,21446.0,,,0.0,21446.0,hyperplane_gauss,30446,15,0.3698491238523275,0.09413866437971592,4,real,sudden,0,0.4270735745184242,0.5327603593468666,False,high,abrupt,real/sudden/K=4/high/abrupt/partial/imbalanced/noisy,0.0,0.17004007335461524
scn-8b7357aa82e6,1083536928,Periodic(2000),0.8029613529851253,0.03322615999968548,14,4.0,14.0,4.0,0.0,10.0,0.0,0.2857142857142857,1.0,0.4444444444444445,0.0,1277.5,1277.5,2144.6,2144.6,1.6787475538160468,1.6787475538160468,0.46628741956542014,21446.0,hyperplane_gauss,30446,15,0.3698491238523275,0.09413866437971592,4,real,sudden,0,0.4270735745184242,0.5327603593468666,False,high,abrupt,real/sudden/K=4/high/abrupt/partial/imbalanced/noisy,0.12429532024723222,0.04574475310738302
scn-8b7357aa82e6,1083536928,Oracle,0.8487061060925083,0.03357272599987482,4,4.0,4.0,4.0,0.0,0.0,0.0,1.0,1.0,1.0,0.0,1.0,1.0,inf,21446.0,inf,21446.0,0.0,21446.0,hyperplane_gauss,30446,15,0.3698491238523275,0.09413866437971592,4,real,sudden,0,0.4270735745184242,0.5327603593468666,False,high,abrupt,real/sudden/K=4/high/abrupt/partial/imbalanced/noisy,0.17004007335461524,-0.0
scn-30947a311976,717772230,ADWIN,0.7392989254888145,0.019595408999975916,0,1.0,0.0,0.0,1.0,0.0,0.0,,0.0,0.0,1.0,,,inf,26151.0,,,0.0,26151.0,hyperplane_gauss,29385,3,0.09533376260660589,0.21878634402528405,1,prior,incremental,234,0.17981310889124869,1.0,False,medium,fast,prior/incremental/K=1/medium/fast/n/a/imbalanced/noisy,0.0,0.012788444601021687
scn-30947a311976,717772230,KSWIN,0.7454993834771887,6.196554656999979,1,1.0,1.0,0.0,1.0,1.0,0.0,0.0,0.0,0.0,1.0,,,26151.0,26151.0,,,0.0382394554701541,26151.0,hyperplane_gauss,29385,3,0.09533376260660589,0.21878634402528405,1,prior,incremental,234,0.17981310889124869,1.0,False,medium,fast,prior/incremental/K=1/medium/fast/n/a/imbalanced/noisy,0.006200457988374208,0.006587986612647478
scn-30947a311976,717772230,PageHinkley,0.7491985203452528,0.0284170909999375,3,1.0,3.0,1.0,0.0,2.0,0.0,0.3333333333333333,1.0,0.5,0.0,1516.0,1516.0,13075.5,13075.5,8.625,8.625,0.0764789109403082,26151.0,hyperplane_gauss,29385,3,0.09533376260660589,0.21878634402528405,1,prior,incremental,234,0.17981310889124869,1.0,False,medium,fast,prior/incremental/K=1/medium/fast/n/a/imbalanced/noisy,0.00989959485643832,0.002888849744583366
scn-30947a311976,717772230,PageHinkley-up,0.7500792672186014,0.027583518000028562,1,1.0,1.0,1.0,0.0,0.0,0.0,1.0,1.0,1.0,0.0,1516.0,1516.0,inf,26151.0,inf,17.25,0.0,26151.0,hyperplane_gauss,29385,3,0.09533376260660589,0.21878634402528405,1,prior,incremental,234,0.17981310889124869,1.0,False,medium,fast,prior/incremental/K=1/medium/fast/n/a/imbalanced/noisy,0.010780341729786924,0.0020081028712347626
scn-30947a311976,717772230,DDM,0.740849039985908,0.026346698999986984,1,1.0,1.0,0.0,1.0,1.0,0.0,0.0,0.0,0.0,1.0,,,26151.0,26151.0,,,0.0382394554701541,26151.0,hyperplane_gauss,29385,3,0.09533376260660589,0.21878634402528405,1,prior,incremental,234,0.17981310889124869,1.0,False,medium,fast,prior/incremental/K=1/medium/fast/n/a/imbalanced/noisy,0.0015501144970935243,0.011238330103928162
scn-30947a311976,717772230,EDDM,0.7422934648581998,0.023809401000107755,2,1.0,2.0,0.0,1.0,2.0,0.0,0.0,0.0,0.0,1.0,,,13075.5,13075.5,,,0.0764789109403082,26151.0,hyperplane_gauss,29385,3,0.09533376260660589,0.21878634402528405,1,prior,incremental,234,0.17981310889124869,1.0,False,medium,fast,prior/incremental/K=1/medium/fast/n/a/imbalanced/noisy,0.0029945393693853184,0.009793905231636368
scn-30947a311976,717772230,HDDM_A,0.7392989254888145,0.07750805399973615,0,1.0,0.0,0.0,1.0,0.0,0.0,,0.0,0.0,1.0,,,inf,26151.0,,,0.0,26151.0,hyperplane_gauss,29385,3,0.09533376260660589,0.21878634402528405,1,prior,incremental,234,0.17981310889124869,1.0,False,medium,fast,prior/incremental/K=1/medium/fast/n/a/imbalanced/noisy,0.0,0.012788444601021687
scn-30947a311976,717772230,HDDM_W,0.7495860489695262,0.09302593199981857,6,1.0,6.0,1.0,0.0,4.0,1.0,0.16666666666666666,1.0,0.2857142857142857,0.0,223.0,223.0,6537.75,6537.75,29.317264573991032,29.317264573991032,0.1529578218806164,26151.0,hyperplane_gauss,29385,3,0.09533376260660589,0.21878634402528405,1,prior,incremental,234,0.17981310889124869,1.0,False,medium,fast,prior/incremental/K=1/medium/fast/n/a/imbalanced/noisy,0.010287123480711702,0.002501321120309985
scn-30947a311976,717772230,FHDDM,0.7476484058481593,0.02364529099986612,1,1.0,1.0,0.0,1.0,1.0,0.0,0.0,0.0,0.0,1.0,,,26151.0,26151.0,,,0.0382394554701541,26151.0,hyperplane_gauss,29385,3,0.09533376260660589,0.21878634402528405,1,prior,incremental,234,0.17981310889124869,1.0,False,medium,fast,prior/incremental/K=1/medium/fast/n/a/imbalanced/noisy,0.008349480359344796,0.00443896424167689
scn-30947a311976,717772230,NoDrift,0.7392989254888145,0.013159115000235033,0,1.0,0.0,0.0,1.0,0.0,0.0,,0.0,0.0,1.0,,,inf,26151.0,,,0.0,26151.0,hyperplane_gauss,29385,3,0.09533376260660589,0.21878634402528405,1,prior,incremental,234,0.17981310889124869,1.0,False,medium,fast,prior/incremental/K=1/medium/fast/n/a/imbalanced/noisy,0.0,0.012788444601021687
scn-30947a311976,717772230,Periodic(2000),0.7468733485996125,0.014813373000379215,14,1.0,14.0,1.0,0.0,13.0,0.0,0.07142857142857142,1.0,0.13333333333333333,0.0,925.0,925.0,2011.6153846153845,2011.6153846153845,2.1747193347193345,2.1747193347193345,0.4971129211120034,26151.0,hyperplane_gauss,29385,3,0.09533376260660589,0.21878634402528405,1,prior,incremental,234,0.17981310889124869,1.0,False,medium,fast,prior/incremental/K=1/medium/fast/n/a/imbalanced/noisy,0.007574423110798034,0.005214021490223653
scn-30947a311976,717772230,Oracle,0.7520873700898362,0.014422792999994272,1,1.0,1.0,1.0,0.0,0.0,0.0,1.0,1.0,1.0,0.0,118.0,118.0,inf,26151.0,inf,221.61864406779662,0.0,26151.0,hyperplane_gauss,29385,3,0.09533376260660589,0.21878634402528405,1,prior,incremental,234,0.17981310889124869,1.0,False,medium,fast,prior/incremental/K=1/medium/fast/n/a/imbalanced/noisy,0.012788444601021687,-0.0
scn-4dadfe8fc886,1401825932,ADWIN,0.831492027334852,0.07347881099985898,12,3.0,12.0,3.0,0.0,8.0,1.0,0.25,1.0,0.4,0.0,1024.6666666666667,1174.0,1305.875,1305.875,1.2744388418998047,1.2744388418998047,0.7657700775342203,10447.0,hyperplane_gauss,18560,40,0.4662184562999755,0.022415038291364906,3,virtual,gradual,371,0.09945889666676522,0.7158577293157578,True,low,fast,virtual/gradual/K=3/recurring/low/fast/partial/balanced/noisy,-0.10193621867881553,0.05842824601366736
scn-4dadfe8fc886,1401825932,KSWIN,0.9334282460136675,3.9011994809998214,0,3.0,0.0,0.0,3.0,0.0,0.0,,0.0,0.0,1.0,,,inf,10447.0,,,0.0,10447.0,hyperplane_gauss,18560,40,0.4662184562999755,0.022415038291364906,3,virtual,gradual,371,0.09945889666676522,0.7158577293157578,True,low,fast,virtual/gradual/K=3/recurring/low/fast/partial/balanced/noisy,0.0,-0.043507972665148165
scn-4dadfe8fc886,1401825932,PageHinkley,0.800626423690205,0.11602198299988231,21,3.0,21.0,3.0,0.0,11.0,7.0,0.14285714285714285,1.0,0.25,0.0,411.3333333333333,188.0,949.7272727272727,949.7272727272727,2.3088993664358335,2.3088993664358335,1.052933856609553,10447.0,hyperplane_gauss,18560,40,0.4662184562999755,0.022415038291364906,3,virtual,gradual,371,0.09945889666676522,0.7158577293157578,True,low,fast,virtual/gradual/K=3/recurring/low/fast/partial/balanced/noisy,-0.1328018223234625,0.08929384965831433
scn-4dadfe8fc886,1401825932,PageHinkley-up,0.9334282460136675,0.05390807300000233,0,3.0,0.0,0.0,3.0,0.0,0.0,,0.0,0.0,1.0,,,inf,10447.0,,,0.0,10447.0,hyperplane_gauss,18560,40,0.4662184562999755,0.022415038291364906,3,virtual,gradual,371,0.09945889666676522,0.7158577293157578,True,low,fast,virtual/gradual/K=3/recurring/low/fast/partial/balanced/noisy,0.0,-0.043507972665148165
scn-4dadfe8fc886,1401825932,DDM,0.9334282460136675,0.056604756000069756,0,3.0,0.0,0.0,3.0,0.0,0.0,,0.0,0.0,1.0,,,inf,10447.0,,,0.0,10447.0,hyperplane_gauss,18560,40,0.4662184562999755,0.022415038291364906,3,virtual,gradual,371,0.09945889666676522,0.7158577293157578,True,low,fast,virtual/gradual/K=3/recurring/low/fast/partial/balanced/noisy,0.0,-0.043507972665148165
scn-4dadfe8fc886,1401825932,EDDM,0.9257403189066059,0.05287014299983639,1,3.0,1.0,0.0,3.0,1.0,0.0,0.0,0.0,0.0,1.0,,,10447.0,10447.0,,,0.09572125969177754,10447.0,hyperplane_gauss,18560,40,0.4662184562999755,0.022415038291364906,3,virtual,gradual,371,0.09945889666676522,0.7158577293157578,True,low,fast,virtual/gradual/K=3/recurring/low/fast/partial/balanced/noisy,-0.007687927107061565,-0.0358200455580866
scn-4dadfe8fc886,1401825932,HDDM_A,0.9334282460136675,0.1288702279998688,0,3.0,0.0,0.0,3.0,0.0,0.0,,0.0,0.0,1.0,,,inf,10447.0,,,0.0,10447.0,hyperplane_gauss,18560,40,0.4662184562999755,0.022415038291364906,3,virtual,gradual,371,0.09945889666676522,0.7158577293157578,True,low,fast,virtual/gradual/K=3/recurring/low/fast/partial/balanced/noisy,0.0,-0.043507972665148165
scn-4dadfe8fc886,1401825932,HDDM_W,0.9334282460136675,0.09173354799986555,0,3.0,0.0,0.0,3.0,0.0,0.0,,0.0,0.0,1.0,,,inf,10447.0,,,0.0,10447.0,hyperplane_gauss,18560,40,0.4662184562999755,0.022415038291364906,3,virtual,gradual,371,0.09945889666676522,0.7158577293157578,True,low,fast,virtual/gradual/K=3/recurring/low/fast/partial/balanced/noisy,0.0,-0.043507972665148165
scn-4dadfe8fc886,1401825932,FHDDM,0.9334282460136675,0.05139818899988313,0,3.0,0.0,0.0,3.0,0.0,0.0,,0.0,0.0,1.0,,,inf,10447.0,,,0.0,10447.0,hyperplane_gauss,18560,40,0.4662184562999755,0.022415038291364906,3,virtual,gradual,371,0.09945889666676522,0.7158577293157578,True,low,fast,virtual/gradual/K=3/recurring/low/fast/partial/balanced/noisy,0.0,-0.043507972665148165
scn-4dadfe8fc886,1401825932,NoDrift,0.9334282460136675,0.04754292000006899,0,3.0,0.0,0.0,3.0,0.0,0.0,,0.0,0.0,1.0,,,inf,10447.0,,,0.0,10447.0,hyperplane_gauss,18560,40,0.4662184562999755,0.022415038291364906,3,virtual,gradual,371,0.09945889666676522,0.7158577293157578,True,low,fast,virtual/gradual/K=3/recurring/low/fast/partial/balanced/noisy,0.0,-0.043507972665148165
scn-4dadfe8fc886,1401825932,Periodic(2000),0.8482915717539863,0.058346675999928266,8,3.0,8.0,3.0,0.0,4.0,1.0,0.375,1.0,0.5454545454545454,0.0,406.0,406.0,2611.75,2611.75,6.432881773399015,6.432881773399015,0.38288503876711016,10447.0,hyperplane_gauss,18560,40,0.4662184562999755,0.022415038291364906,3,virtual,gradual,371,0.09945889666676522,0.7158577293157578,True,low,fast,virtual/gradual/K=3/recurring/low/fast/partial/balanced/noisy,-0.08513667425968119,0.041628701594533024
scn-4dadfe8fc886,1401825932,Oracle,0.8899202733485193,0.050646739000058005,3,3.0,3.0,3.0,0.0,0.0,0.0,1.0,1.0,1.0,0.0,186.0,186.0,inf,10447.0,inf,56.166666666666664,0.0,10447.0,hyperplane_gauss,18560,40,0.4662184562999755,0.022415038291364906,3,virtual,gradual,371,0.09945889666676522,0.7158577293157578,True,low,fast,virtual/gradual/K=3/recurring/low/fast/partial/balanced/noisy,-0.043507972665148165,-0.0
scn-909d199df6e2,1326133324,ADWIN,0.671178106685209,0.038419631000124355,0,5.0,0.0,0.0,5.0,0.0,0.0,,0.0,0.0,1.0,,,inf,23498.0,,,0.0,23498.0,hyperplane_gauss,41268,9,0.16419875822030008,0.2927072402089834,5,real,gradual,1354,0.10469629209158227,0.22139102071523667,False,medium,slow,real/gradual/K=5/medium/slow/partial/imbalanced/noisy,0.0,0.0013658488129532076
scn-909d199df6e2,1326133324,KSWIN,0.66735373000894,8.626667113000167,5,5.0,5.0,2.0,3.0,3.0,0.0,0.4,0.4,0.4000000000000001,0.6,1761.0,1761.0,7832.666666666667,7832.666666666667,1.7791406397879994,1.7791406397879994,0.12767044003744998,23498.0,hyperplane_gauss,41268,9,0.16419875822030008,0.2927072402089834,5,real,gradual,1354,0.10469629209158227,0.22139102071523667,False,medium,slow,real/gradual/K=5/medium/slow/partial/imbalanced/noisy,-0.0038243766762690035,0.005190225489222211
scn-909d199df6e2,1326133324,PageHinkley,0.6641501937021953,0.061043434999646706,13,5.0,13.0,4.0,1.0,7.0,2.0,0.3076923076923077,0.8,0.4444444444444444,0.19999999999999996,1465.0,1594.0,3356.8571428571427,3356.8571428571427,1.8330960507069722,1.8330960507069722,0.29789769342071665,23498.0,hyperplane_gauss,41268,9,0.16419875822030008,0.2927072402089834,5,real,gradual,1354,0.10469629209158227,0.22139102071523667,False,medium,slow,real/gradual/K=5/medium/slow/partial/imbalanced/noisy,-0.007027912983013751,0.008393761795966959
scn-909d199df6e2,1326133324,PageHinkley-up,0.6687195788218934,0.05176780800002234,2,5.0,2.0,1.0,4.0,1.0,0.0,0.5,0.2,0.28571428571428575,0.8,1747.0,1747.0,23498.0,23498.0,2.690097309673726,2.690097309673726,0.042556813345816666,23498.0,hyperplane_gauss,41268,9,0.16419875822030008,0.2927072402089834,5,real,gradual,1354,0.10469629209158227,0.22139102071523667,False,medium,slow,real/gradual/K=5/medium/slow/partial/imbalanced/noisy,-0.002458527863315685,0.0038243766762688924
scn-909d199df6e2,1326133324,DDM,0.671178106685209,0.049535767000179476,0,5.0,0.0,0.0,5.0,0.0,0.0,,0.0,0.0,1.0,,,inf,23498.0,,,0.0,23498.0,hyperplane_gauss,41268,9,0.16419875822030008,0.2927072402089834,5,real,gradual,1354,0.10469629209158227,0.22139102071523667,False,medium,slow,real/gradual/K=5/medium/slow/partial/imbalanced/noisy,0.0,0.0013658488129532076
scn-909d199df6e2,1326133324,EDDM,0.6710539386113042,0.04659553999999844,1,5.0,1.0,0.0,5.0,1.0,0.0,0.0,0.0,0.0,1.0,,,23498.0,23498.0,,,0.042556813345816666,23498.0,hyperplane_gauss,41268,9,0.16419875822030008,0.2927072402089834,5,real,gradual,1354,0.10469629209158227,0.22139102071523667,False,medium,slow,real/gradual/K=5/medium/slow/partial/imbalanced/noisy,-0.00012416807390480677,0.0014900168868580144
scn-909d199df6e2,1326133324,HDDM_A,0.6712277739147711,0.12454105400001936,1,5.0,1.0,1.0,4.0,0.0,0.0,1.0,0.2,0.33333333333333337,0.8,2836.0,2836.0,inf,23498.0,inf,1.657122708039492,0.0,23498.0,hyperplane_gauss,41268,9,0.16419875822030008,0.2927072402089834,5,real,gradual,1354,0.10469629209158227,0.22139102071523667,False,medium,slow,real/gradual/K=5/medium/slow/partial/imbalanced/noisy,4.966722956201153e-05,0.001316181583391196
scn-909d199df6e2,1326133324,HDDM_W,0.660549319558955,0.1695259459997942,21,5.0,21.0,5.0,0.0,10.0,6.0,0.23809523809523808,1.0,0.3846153846153846,0.0,508.4,420.0,2349.8,2349.8,4.621951219512196,4.621951219512196,0.42556813345816663,23498.0,hyperplane_gauss,41268,9,0.16419875822030008,0.2927072402089834,5,real,gradual,1354,0.10469629209158227,0.22139102071523667,False,medium,slow,real/gradual/K=5/medium/slow/partial/imbalanced/noisy,-0.010628787126254036,0.011994635939207243
scn-909d199df6e2,1326133324,FHDDM,0.6680987384523691,0.05050424599994585,8,5.0,8.0,3.0,2.0,5.0,0.0,0.375,0.6,0.4615384615384615,0.4,787.0,803.0,4699.6,4699.6,3.58292249047014,3.58292249047014,0.21278406672908332,23498.0,hyperplane_gauss,41268,9,0.16419875822030008,0.2927072402089834,5,real,gradual,1354,0.10469629209158227,0.22139102071523667,False,medium,slow,real/gradual/K=5/medium/slow/partial/imbalanced/noisy,-0.0030793682328399408,0.004445217045793148
scn-909d199df6e2,1326133324,NoDrift,0.671178106685209,0.029578491000393115,0,5.0,0.0,0.0,5.0,0.0,0.0,,0.0,0.0,1.0,,,inf,23498.0,,,0.0,23498.0,hyperplane_gauss,41268,9,0.16419875822030008,0.2927072402089834,5,real,gradual,1354,0.10469629209158227,0.22139102071523667,False,medium,slow,real/gradual/K=5/medium/slow/partial/imbalanced/noisy,0.0,0.0013658488129532076
scn-909d199df6e2,1326133324,Periodic(2000),0.6572961160226483,0.03243816500025787,20,5.0,20.0,5.0,0.0,15.0,0.0,0.25,1.0,0.4,0.0,1543.4,1543.0,1566.5333333333333,1566.5333333333333,1.0149885534102199,1.0149885534102199,0.63835220018725,23498.0,hyperplane_gauss,41268,9,0.16419875822030008,0.2927072402089834,5,real,gradual,1354,0.10469629209158227,0.22139102071523667,False,medium,slow,real/gradual/K=5/medium/slow/partial/imbalanced/noisy,-0.013881990662560795,0.015247839475514002
scn-909d199df6e2,1326133324,Oracle,0.6725439554981623,0.03146524300018427,5,5.0,5.0,5.0,0.0,0.0,0.0,1.0,1.0,1.0,0.0,678.0,678.0,inf,23498.0,inf,34.657817109144545,0.0,23498.0,hyperplane_gauss,41268,9,0.16419875822030008,0.2927072402089834,5,real,gradual,1354,0.10469629209158227,0.22139102071523667,False,medium,slow,real/gradual/K=5/medium/slow/partial/imbalanced/noisy,0.0013658488129532076,-0.0
scn-4bba27a6b3b3,838195930,ADWIN,0.797273547712915,0.043065390000265324,0,2.0,0.0,0.0,2.0,0.0,0.0,,0.0,0.0,1.0,,,inf,38106.0,,,0.0,38106.0,hyperplane_gauss,43106,10,0.48839889783412216,0.18923962600529193,2,virtual,sudden,0,0.06318929612636566,0.26406068280339245,False,low,abrupt,virtual/sudden/K=2/low/abrupt/partial/balanced/noisy,0.0,-0.008383603286942432
scn-4bba27a6b3b3,838195930,KSWIN,0.797273547712915,9.140604143000019,0,2.0,0.0,0.0,2.0,0.0,0.0,,0.0,0.0,1.0,,,inf,38106.0,,,0.0,38106.0,hyperplane_gauss,43106,10,0.48839889783412216,0.18923962600529193,2,virtual,sudden,0,0.06318929612636566,0.26406068280339245,False,low,abrupt,virtual/sudden/K=2/low/abrupt/partial/balanced/noisy,0.0,-0.008383603286942432
scn-4bba27a6b3b3,838195930,PageHinkley,0.7412957773238968,0.07117809100009254,26,2.0,26.0,2.0,0.0,22.0,2.0,0.07692307692307693,1.0,0.14285714285714288,0.0,384.5,384.5,1732.090909090909,1732.090909090909,4.504787799976357,4.504787799976357,0.5773369023250932,38106.0,hyperplane_gauss,43106,10,0.48839889783412216,0.18923962600529193,2,virtual,sudden,0,0.06318929612636566,0.26406068280339245,False,low,abrupt,virtual/sudden/K=2/low/abrupt/partial/balanced/noisy,-0.05597777038901819,0.04759416710207576
scn-4bba27a6b3b3,838195930,PageHinkley-up,0.7880349593882107,0.0715005479996762,2,2.0,2.0,0.0,2.0,2.0,0.0,0.0,0.0,0.0,1.0,,,19053.0,19053.0,,,0.05248517293864483,38106.0,hyperplane_gauss,43106,10,0.48839889783412216,0.18923962600529193,2,virtual,sudden,0,0.06318929612636566,0.26406068280339245,False,low,abrupt,virtual/sudden/K=2/low/abrupt/partial/balanced/noisy,-0.009238588324704367,0.000854985037761935
scn-4bba27a6b3b3,838195930,DDM,0.797273547712915,0.05425876999970569,0,2.0,0.0,0.0,2.0,0.0,0.0,,0.0,0.0,1.0,,,inf,38106.0,,,0.0,38106.0,hyperplane_gauss,43106,10,0.48839889783412216,0.18923962600529193,2,virtual,sudden,0,0.06318929612636566,0.26406068280339245,False,low,abrupt,virtual/sudden/K=2/low/abrupt/partial/balanced/noisy,0.0,-0.008383603286942432
scn-4bba27a6b3b3,838195930,EDDM,0.7961573172469482,0.05121711800029516,2,2.0,2.0,0.0,2.0,2.0,0.0,0.0,0.0,0.0,1.0,,,19053.0,19053.0,,,0.05248517293864483,38106.0,hyperplane_gauss,43106,10,0.48839889783412216,0.18923962600529193,2,virtual,sudden,0,0.06318929612636566,0.26406068280339245,False,low,abrupt,virtual/sudden/K=2/low/abrupt/partial/balanced/noisy,-0.001116230465966872,-0.0072673728209755595
scn-4bba27a6b3b3,838195930,HDDM_A,0.7965848097658291,0.1466786820001289,1,2.0,1.0,0.0,2.0,1.0,0.0,0.0,0.0,0.0,1.0,,,38106.0,38106.0,,,0.026242586469322416,38106.0,hyperplane_gauss,43106,10,0.48839889783412216,0.18923962600529193,2,virtual,sudden,0,0.06318929612636566,0.26406068280339245,False,low,abrupt,virtual/sudden/K=2/low/abrupt/partial/balanced/noisy,-0.0006887379470859045,-0.007694865339856527
scn-4bba27a6b3b3,838195930,HDDM_W,0.7822163112145537,0.1480889690001277,4,2.0,4.0,0.0,2.0,4.0,0.0,0.0,0.0,0.0,1.0,,,9526.5,9526.5,,,0.10497034587728966,38106.0,hyperplane_gauss,43106,10,0.48839889783412216,0.18923962600529193,2,virtual,sudden,0,0.06318929612636566,0.26406068280339245,False,low,abrupt,virtual/sudden/K=2/low/abrupt/partial/balanced/noisy,-0.015057236498361326,0.0066736332114188945
scn-4bba27a6b3b3,838195930,FHDDM,0.797273547712915,0.048392321999926935,0,2.0,0.0,0.0,2.0,0.0,0.0,,0.0,0.0,1.0,,,inf,38106.0,,,0.0,38106.0,hyperplane_gauss,43106,10,0.48839889783412216,0.18923962600529193,2,virtual,sudden,0,0.06318929612636566,0.26406068280339245,False,low,abrupt,virtual/sudden/K=2/low/abrupt/partial/balanced/noisy,0.0,-0.008383603286942432
scn-4bba27a6b3b3,838195930,NoDrift,0.797273547712915,0.033814743000220915,0,2.0,0.0,0.0,2.0,0.0,0.0,,0.0,0.0,1.0,,,inf,38106.0,,,0.0,38106.0,hyperplane_gauss,43106,10,0.48839889783412216,0.18923962600529193,2,virtual,sudden,0,0.06318929612636566,0.26406068280339245,False,low,abrupt,virtual/sudden/K=2/low/abrupt/partial/balanced/noisy,0.0,-0.008383603286942432
scn-4bba27a6b3b3,838195930,Periodic(2000),0.7465919346411438,0.03651864299990848,21,2.0,21.0,2.0,0.0,19.0,0.0,0.09523809523809523,1.0,0.17391304347826084,0.0,947.5,947.5,2005.578947368421,2005.578947368421,2.1167060130537427,2.1167060130537427,0.49860914291712594,38106.0,hyperplane_gauss,43106,10,0.48839889783412216,0.18923962600529193,2,virtual,sudden,0,0.06318929612636566,0.26406068280339245,False,low,abrupt,virtual/sudden/K=2/low/abrupt/partial/balanced/noisy,-0.050681613071771214,0.04229800978482878
scn-4bba27a6b3b3,838195930,Oracle,0.7888899444259726,0.03739066699972682,2,2.0,2.0,2.0,0.0,0.0,0.0,1.0,1.0,1.0,0.0,1.0,1.0,inf,38106.0,inf,38106.0,0.0,38106.0,hyperplane_gauss,43106,10,0.48839889783412216,0.18923962600529193,2,virtual,sudden,0,0.06318929612636566,0.26406068280339245,False,low,abrupt,virtual/sudden/K=2/low/abrupt/partial/balanced/noisy,-0.008383603286942432,-0.0
scn-f04b7ae59c92,1764348817,ADWIN,0.8552041832669323,0.011081493000347109,2,4.0,2.0,2.0,2.0,0.0,0.0,1.0,0.5,0.6666666666666666,0.5,2045.0,2045.0,inf,7384.0,inf,1.8053789731051344,0.0,7384.0,hyperplane_gauss,17064,2,0.20002617193385958,0.08859777012839913,4,prior,incremental,170,0.3795801681280136,1.0,True,high,fast,prior/incremental/K=4/recurring/high/fast/n/a/imbalanced/noisy,-0.01052041832669326,-0.005789342629482053
scn-f04b7ae59c92,1764348817,KSWIN,0.8657246015936255,3.571568611999737,0,4.0,0.0,0.0,4.0,0.0,0.0,,0.0,0.0,1.0,,,inf,7384.0,,,0.0,7384.0,hyperplane_gauss,17064,2,0.20002617193385958,0.08859777012839913,4,prior,incremental,170,0.3795801681280136,1.0,True,high,fast,prior/incremental/K=4/recurring/high/fast/n/a/imbalanced/noisy,0.0,-0.016309760956175312
scn-f04b7ae59c92,1764348817,PageHinkley,0.8539591633466136,0.01581190900014917,3,4.0,3.0,2.0,2.0,1.0,0.0,0.6666666666666666,0.5,0.5714285714285715,0.5,1423.5,1423.5,7384.0,7384.0,2.593607305936073,2.593607305936073,0.13542795232936078,7384.0,hyperplane_gauss,17064,2,0.20002617193385958,0.08859777012839913,4,prior,incremental,170,0.3795801681280136,1.0,True,high,fast,prior/incremental/K=4/recurring/high/fast/n/a/imbalanced/noisy,-0.011765438247011928,-0.004544322709163384
scn-f04b7ae59c92,1764348817,PageHinkley-up,0.8685881474103586,0.015258676000030391,1,4.0,1.0,1.0,3.0,0.0,0.0,1.0,0.25,0.4,0.75,1003.0,1003.0,inf,7384.0,inf,1.8404785643070787,0.0,7384.0,hyperplane_gauss,17064,2,0.20002617193385958,0.08859777012839913,4,prior,incremental,170,0.3795801681280136,1.0,True,high,fast,prior/incremental/K=4/recurring/high/fast/n/a/imbalanced/noisy,0.002863545816733093,-0.019173306772908405
scn-f04b7ae59c92,1764348817,DDM,0.8685258964143426,0.014957323000089673,1,4.0,1.0,1.0,3.0,0.0,0.0,1.0,0.25,0.4,0.75,1364.0,1364.0,inf,7384.0,inf,1.3533724340175952,0.0,7384.0,hyperplane_gauss,17064,2,0.20002617193385958,0.08859777012839913,4,prior,incremental,170,0.3795801681280136,1.0,True,high,fast,prior/incremental/K=4/recurring/high/fast/n/a/imbalanced/noisy,0.002801294820717115,-0.019111055776892427
scn-f04b7ae59c92,1764348817,EDDM,0.8561379482071713,0.023524164000264136,20,4.0,20.0,2.0,2.0,11.0,7.0,0.1,0.5,0.16666666666666669,0.5,163.5,163.5,671.2727272727273,671.2727272727273,2.0528217959410617,2.0528217959410617,1.4897074756229687,7384.0,hyperplane_gauss,17064,2,0.20002617193385958,0.08859777012839913,4,prior,incremental,170,0.3795801681280136,1.0,True,high,fast,prior/incremental/K=4/recurring/high/fast/n/a/imbalanced/noisy,-0.009586653386454258,-0.006723107569721054
scn-f04b7ae59c92,1764348817,HDDM_A,0.8657246015936255,0.04807326199988893,0,4.0,0.0,0.0,4.0,0.0,0.0,,0.0,0.0,1.0,,,inf,7384.0,,,0.0,7384.0,hyperplane_gauss,17064,2,0.20002617193385958,0.08859777012839913,4,prior,incremental,170,0.3795801681280136,1.0,True,high,fast,prior/incremental/K=4/recurring/high/fast/n/a/imbalanced/noisy,0.0,-0.016309760956175312
scn-f04b7ae59c92,1764348817,HDDM_W,0.8657246015936255,0.04762882599970908,0,4.0,0.0,0.0,4.0,0.0,0.0,,0.0,0.0,1.0,,,inf,7384.0,,,0.0,7384.0,hyperplane_gauss,17064,2,0.20002617193385958,0.08859777012839913,4,prior,incremental,170,0.3795801681280136,1.0,True,high,fast,prior/incremental/K=4/recurring/high/fast/n/a/imbalanced/noisy,0.0,-0.016309760956175312
scn-f04b7ae59c92,1764348817,FHDDM,0.8657246015936255,0.012698982000074466,0,4.0,0.0,0.0,4.0,0.0,0.0,,0.0,0.0,1.0,,,inf,7384.0,,,0.0,7384.0,hyperplane_gauss,17064,2,0.20002617193385958,0.08859777012839913,4,prior,incremental,170,0.3795801681280136,1.0,True,high,fast,prior/incremental/K=4/recurring/high/fast/n/a/imbalanced/noisy,0.0,-0.016309760956175312
scn-f04b7ae59c92,1764348817,NoDrift,0.8657246015936255,0.007151217000227916,0,4.0,0.0,0.0,4.0,0.0,0.0,,0.0,0.0,1.0,,,inf,7384.0,,,0.0,7384.0,hyperplane_gauss,17064,2,0.20002617193385958,0.08859777012839913,4,prior,incremental,170,0.3795801681280136,1.0,True,high,fast,prior/incremental/K=4/recurring/high/fast/n/a/imbalanced/noisy,0.0,-0.016309760956175312
scn-f04b7ae59c92,1764348817,Periodic(2000),0.8507221115537849,0.008167395999862492,8,4.0,8.0,4.0,0.0,4.0,0.0,0.5,1.0,0.6666666666666666,0.0,1053.0,1053.0,1846.0,1846.0,1.7530864197530864,1.7530864197530864,0.5417118093174431,7384.0,hyperplane_gauss,17064,2,0.20002617193385958,0.08859777012839913,4,prior,incremental,170,0.3795801681280136,1.0,True,high,fast,prior/incremental/K=4/recurring/high/fast/n/a/imbalanced/noisy,-0.015002490039840666,-0.0013072709163346463
scn-f04b7ae59c92,1764348817,Oracle,0.8494148406374502,0.007916909999948984,4,4.0,4.0,4.0,0.0,0.0,0.0,1.0,1.0,1.0,0.0,86.0,86.0,inf,7384.0,inf,85.86046511627907,0.0,7384.0,hyperplane_gauss,17064,2,0.20002617193385958,0.08859777012839913,4,prior,incremental,170,0.3795801681280136,1.0,True,high,fast,prior/incremental/K=4/recurring/high/fast/n/a/imbalanced/noisy,-0.016309760956175312,-0.0
scn-04a0315429b2,2000811815,ADWIN,0.710125980508676,0.04770712899971841,0,3.0,0.0,0.0,3.0,0.0,0.0,,0.0,0.0,1.0,,,inf,18366.0,,,0.0,18366.0,hyperplane_gauss,26242,26,0.33187583815306426,0.2648815610446036,3,virtual,gradual,292,0.38115509241819384,0.8846612863242627,True,high,fast,virtual/gradual/K=3/recurring/high/fast/partial/imbalanced/noisy,0.0,-0.02563188336898825
scn-04a0315429b2,2000811815,KSWIN,0.710125980508676,5.453073180000047,0,3.0,0.0,0.0,3.0,0.0,0.0,,0.0,0.0,1.0,,,inf,18366.0,,,0.0,18366.0,hyperplane_gauss,26242,26,0.33187583815306426,0.2648815610446036,3,virtual,gradual,292,0.38115509241819384,0.8846612863242627,True,high,fast,virtual/gradual/K=3/recurring/high/fast/partial/imbalanced/noisy,0.0,-0.02563188336898825
scn-04a0315429b2,2000811815,PageHinkley,0.6687663418112669,0.0624592140002278,8,3.0,8.0,1.0,2.0,7.0,0.0,0.125,0.3333333333333333,0.18181818181818182,0.6666666666666667,928.0,928.0,2623.714285714286,2623.714285714286,0.942426108374384,0.942426108374384,0.38113906130894043,18366.0,hyperplane_gauss,26242,26,0.33187583815306426,0.2648815610446036,3,virtual,gradual,292,0.38115509241819384,0.8846612863242627,True,high,fast,virtual/gradual/K=3/recurring/high/fast/partial/imbalanced/noisy,-0.04135963869740911,0.015727755328420856
scn-04a0315429b2,2000811815,PageHinkley-up,0.710125980508676,0.05238579999968351,0,3.0,0.0,0.0,3.0,0.0,0.0,,0.0,0.0,1.0,,,inf,18366.0,,,0.0,18366.0,hyperplane_gauss,26242,26,0.33187583815306426,0.2648815610446036,3,virtual,gradual,292,0.38115509241819384,0.8846612863242627,True,high,fast,virtual/gradual/K=3/recurring/high/fast/partial/imbalanced/noisy,0.0,-0.02563188336898825
scn-04a0315429b2,2000811815,DDM,0.710125980508676,0.05201360899991414,0,3.0,0.0,0.0,3.0,0.0,0.0,,0.0,0.0,1.0,,,inf,18366.0,,,0.0,18366.0,hyperplane_gauss,26242,26,0.33187583815306426,0.2648815610446036,3,virtual,gradual,292,0.38115509241819384,0.8846612863242627,True,high,fast,virtual/gradual/K=3/recurring/high/fast/partial/imbalanced/noisy,0.0,-0.02563188336898825
scn-04a0315429b2,2000811815,EDDM,0.7056493146343396,0.050904199999877164,1,3.0,1.0,0.0,3.0,1.0,0.0,0.0,0.0,0.0,1.0,,,18366.0,18366.0,,,0.05444843732984863,18366.0,hyperplane_gauss,26242,26,0.33187583815306426,0.2648815610446036,3,virtual,gradual,292,0.38115509241819384,0.8846612863242627,True,high,fast,virtual/gradual/K=3/recurring/high/fast/partial/imbalanced/noisy,-0.004476665874336483,-0.021155217494651768
scn-04a0315429b2,2000811815,HDDM_A,0.710125980508676,0.1045609500001774,0,3.0,0.0,0.0,3.0,0.0,0.0,,0.0,0.0,1.0,,,inf,18366.0,,,0.0,18366.0,hyperplane_gauss,26242,26,0.33187583815306426,0.2648815610446036,3,virtual,gradual,292,0.38115509241819384,0.8846612863242627,True,high,fast,virtual/gradual/K=3/recurring/high/fast/partial/imbalanced/noisy,0.0,-0.02563188336898825
scn-04a0315429b2,2000811815,HDDM_W,0.6698756041518105,0.1266736090001359,8,3.0,8.0,2.0,1.0,5.0,1.0,0.25,0.6666666666666666,0.36363636363636365,0.33333333333333337,1027.0,1027.0,3673.2,3673.2,2.3844206426484904,2.3844206426484904,0.27224218664924316,18366.0,hyperplane_gauss,26242,26,0.33187583815306426,0.2648815610446036,3,virtual,gradual,292,0.38115509241819384,0.8846612863242627,True,high,fast,virtual/gradual/K=3/recurring/high/fast/partial/imbalanced/noisy,-0.04025037635686557,0.014618492987877318
scn-04a0315429b2,2000811815,FHDDM,0.7022819111005467,0.05138362500019866,1,3.0,1.0,1.0,2.0,0.0,0.0,1.0,0.3333333333333333,0.5,0.6666666666666667,843.0,843.0,inf,18366.0,inf,7.262158956109133,0.0,18366.0,hyperplane_gauss,26242,26,0.33187583815306426,0.2648815610446036,3,virtual,gradual,292,0.38115509241819384,0.8846612863242627,True,high,fast,virtual/gradual/K=3/recurring/high/fast/partial/imbalanced/noisy,-0.007844069408129317,-0.017787813960858934
scn-04a0315429b2,2000811815,NoDrift,0.710125980508676,0.0407016350000049,0,3.0,0.0,0.0,3.0,0.0,0.0,,0.0,0.0,1.0,,,inf,18366.0,,,0.0,18366.0,hyperplane_gauss,26242,26,0.33187583815306426,0.2648815610446036,3,virtual,gradual,292,0.38115509241819384,0.8846612863242627,True,high,fast,virtual/gradual/K=3/recurring/high/fast/partial/imbalanced/noisy,0.0,-0.02563188336898825
scn-04a0315429b2,2000811815,Periodic(2000),0.6520877901909516,0.04417548199990051,12,3.0,12.0,3.0,0.0,8.0,1.0,0.25,1.0,0.4,0.0,525.0,525.0,2295.75,2295.75,4.372857142857143,4.372857142857143,0.43558749863878904,18366.0,hyperplane_gauss,26242,26,0.33187583815306426,0.2648815610446036,3,virtual,gradual,292,0.38115509241819384,0.8846612863242627,True,high,fast,virtual/gradual/K=3/recurring/high/fast/partial/imbalanced/noisy,-0.05803819031772439,0.03240630694873614
scn-04a0315429b2,2000811815,Oracle,0.6844940971396878,0.049775346999922476,3,3.0,3.0,3.0,0.0,0.0,0.0,1.0,1.0,1.0,0.0,147.0,147.0,inf,18366.0,inf,124.93877551020408,0.0,18366.0,hyperplane_gauss,26242,26,0.33187583815306426,0.2648815610446036,3,virtual,gradual,292,0.38115509241819384,0.8846612863242627,True,high,fast,virtual/gradual/K=3/recurring/high/fast/partial/imbalanced/noisy,-0.02563188336898825,-0.0
scn-737e19a4b92b,1248593158,ADWIN,0.9372323950077435,0.03127404899987596,0,1.0,0.0,0.0,1.0,0.0,0.0,,0.0,0.0,1.0,,,inf,29888.0,,,0.0,29888.0,hyperplane_gauss,33931,6,0.07178357308730483,0.01046558730304241,1,real,gradual,1043,0.069557935001251,0.6480735670775175,False,low,slow,real/gradual/K=1/low/slow/partial/imbalanced/noisy,0.0,0.0038261820169445127
scn-737e19a4b92b,1248593158,KSWIN,0.9372323950077435,7.1446812550002505,0,1.0,0.0,0.0,1.0,0.0,0.0,,0.0,0.0,1.0,,,inf,29888.0,,,0.0,29888.0,hyperplane_gauss,33931,6,0.07178357308730483,0.01046558730304241,1,real,gradual,1043,0.069557935001251,0.6480735670775175,False,low,slow,real/gradual/K=1/low/slow/partial/imbalanced/noisy,0.0,0.0038261820169445127
scn-737e19a4b92b,1248593158,PageHinkley,0.9372323950077435,0.0365547820001666,0,1.0,0.0,0.0,1.0,0.0,0.0,,0.0,0.0,1.0,,,inf,29888.0,,,0.0,29888.0,hyperplane_gauss,33931,6,0.07178357308730483,0.01046558730304241,1,real,gradual,1043,0.069557935001251,0.6480735670775175,False,low,slow,real/gradual/K=1/low/slow/partial/imbalanced/noisy,0.0,0.0038261820169445127
scn-737e19a4b92b,1248593158,PageHinkley-up,0.9372323950077435,0.036454049999974814,0,1.0,0.0,0.0,1.0,0.0,0.0,,0.0,0.0,1.0,,,inf,29888.0,,,0.0,29888.0,hyperplane_gauss,33931,6,0.07178357308730483,0.01046558730304241,1,real,gradual,1043,0.069557935001251,0.6480735670775175,False,low,slow,real/gradual/K=1/low/slow/partial/imbalanced/noisy,0.0,0.0038261820169445127
scn-737e19a4b92b,1248593158,DDM,0.9371109289119675,0.036081653999644914,1,1.0,1.0,0.0,1.0,1.0,0.0,0.0,0.0,0.0,1.0,,,29888.0,29888.0,,,0.03345824411134904,29888.0,hyperplane_gauss,33931,6,0.07178357308730483,0.01046558730304241,1,real,gradual,1043,0.069557935001251,0.6480735670775175,False,low,slow,real/gradual/K=1/low/slow/partial/imbalanced/noisy,-0.00012146609577601275,0.003947648112720525
scn-737e19a4b92b,1248593158,EDDM,0.9368679967204154,0.0313244180001675,6,1.0,6.0,0.0,1.0,6.0,0.0,0.0,0.0,0.0,1.0,,,4981.333333333333,4981.333333333333,,,0.2007494646680942,29888.0,hyperplane_gauss,33931,6,0.07178357308730483,0.01046558730304241,1,real,gradual,1043,0.069557935001251,0.6480735670775175,False,low,slow,real/gradual/K=1/low/slow/partial/imbalanced/noisy,-0.00036439828732803825,0.004190580304272551
scn-737e19a4b92b,1248593158,HDDM_A,0.9372323950077435,0.1111739299999499,0,1.0,0.0,0.0,1.0,0.0,0.0,,0.0,0.0,1.0,,,inf,29888.0,,,0.0,29888.0,hyperplane_gauss,33931,6,0.07178357308730483,0.01046558730304241,1,real,gradual,1043,0.069557935001251,0.6480735670775175,False,low,slow,real/gradual/K=1/low/slow/partial/imbalanced/noisy,0.0,0.0038261820169445127
scn-737e19a4b92b,1248593158,HDDM_W,0.9372323950077435,0.10123137600021437,0,1.0,0.0,0.0,1.0,0.0,0.0,,0.0,0.0,1.0,,,inf,29888.0,,,0.0,29888.0,hyperplane_gauss,33931,6,0.07178357308730483,0.01046558730304241,1,real,gradual,1043,0.069557935001251,0.6480735670775175,False,low,slow,real/gradual/K=1/low/slow/partial/imbalanced/noisy,0.0,0.0038261820169445127
scn-737e19a4b92b,1248593158,FHDDM,0.9372323950077435,0.03042003400014437,0,1.0,0.0,0.0,1.0,0.0,0.0,,0.0,0.0,1.0,,,inf,29888.0,,,0.0,29888.0,hyperplane_gauss,33931,6,0.07178357308730483,0.01046558730304241,1,real,gradual,1043,0.069557935001251,0.6480735670775175,False,low,slow,real/gradual/K=1/low/slow/partial/imbalanced/noisy,0.0,0.0038261820169445127
scn-737e19a4b92b,1248593158,NoDrift,0.9372323950077435,0.02002718400035519,0,1.0,0.0,0.0,1.0,0.0,0.0,,0.0,0.0,1.0,,,inf,29888.0,,,0.0,29888.0,hyperplane_gauss,33931,6,0.07178357308730483,0.01046558730304241,1,real,gradual,1043,0.069557935001251,0.6480735670775175,False,low,slow,real/gradual/K=1/low/slow/partial/imbalanced/noisy,0.0,0.0038261820169445127
scn-737e19a4b92b,1248593158,Periodic(2000),0.9388114542528316,0.02259991800019634,16,1.0,16.0,1.0,0.0,15.0,0.0,0.0625,1.0,0.11764705882352941,0.0,1056.0,1056.0,1992.5333333333333,1992.5333333333333,1.8868686868686868,1.8868686868686868,0.5018736616702355,29888.0,hyperplane_gauss,33931,6,0.07178357308730483,0.01046558730304241,1,real,gradual,1043,0.069557935001251,0.6480735670775175,False,low,slow,real/gradual/K=1/low/slow/partial/imbalanced/noisy,0.0015790592450881658,0.002247122771856347
scn-737e19a4b92b,1248593158,Oracle,0.941058577024688,0.022029522000138968,1,1.0,1.0,1.0,0.0,0.0,0.0,1.0,1.0,1.0,0.0,522.0,522.0,inf,29888.0,inf,57.25670498084291,0.0,29888.0,hyperplane_gauss,33931,6,0.07178357308730483,0.01046558730304241,1,real,gradual,1043,0.069557935001251,0.6480735670775175,False,low,slow,real/gradual/K=1/low/slow/partial/imbalanced/noisy,0.0038261820169445127,-0.0
scn-8571a228d9a0,145783740,ADWIN,0.8449828962371722,0.1371833350003726,13,2.0,13.0,2.0,0.0,10.0,1.0,0.15384615384615385,1.0,0.2666666666666667,0.0,548.0,548.0,3108.0,3108.0,5.671532846715328,5.671532846715328,0.32175032175032175,31080.0,hyperplane_gauss,36080,45,0.24949291981756688,0.041701972391456364,2,prior,sudden,0,0.2970456185936928,1.0,False,medium,abrupt,prior/sudden/K=2/medium/abrupt/n/a/imbalanced/noisy,-0.06428164196123154,0.029104903078677302
scn-8571a228d9a0,145783740,KSWIN,0.9092645381984037,7.691275629000302,0,2.0,0.0,0.0,2.0,0.0,0.0,,0.0,0.0,1.0,,,inf,31080.0,,,0.0,31080.0,hyperplane_gauss,36080,45,0.24949291981756688,0.041701972391456364,2,prior,sudden,0,0.2970456185936928,1.0,False,medium,abrupt,prior/sudden/K=2/medium/abrupt/n/a/imbalanced/noisy,0.0,-0.03517673888255424
scn-8571a228d9a0,145783740,PageHinkley,0.8306442417331813,0.1846828560001086,22,2.0,22.0,2.0,0.0,18.0,2.0,0.09090909090909091,1.0,0.16666666666666669,0.0,296.5,296.5,1726.6666666666667,1726.6666666666667,5.823496346261945,5.823496346261945,0.5791505791505791,31080.0,hyperplane_gauss,36080,45,0.24949291981756688,0.041701972391456364,2,prior,sudden,0,0.2970456185936928,1.0,False,medium,abrupt,prior/sudden/K=2/medium/abrupt/n/a/imbalanced/noisy,-0.0786202964652224,0.04344355758266816
scn-8571a228d9a0,145783740,PageHinkley-up,0.8753705815279361,0.11891825300017445,3,2.0,3.0,1.0,1.0,2.0,0.0,0.3333333333333333,0.5,0.4,0.5,431.0,431.0,15540.0,15540.0,18.02784222737819,18.02784222737819,0.06435006435006435,31080.0,hyperplane_gauss,36080,45,0.24949291981756688,0.041701972391456364,2,prior,sudden,0,0.2970456185936928,1.0,False,medium,abrupt,prior/sudden/K=2/medium/abrupt/n/a/imbalanced/noisy,-0.03389395667046757,-0.0012827822120866639
scn-8571a228d9a0,145783740,DDM,0.9092645381984037,0.11277107400019304,0,2.0,0.0,0.0,2.0,0.0,0.0,,0.0,0.0,1.0,,,inf,31080.0,,,0.0,31080.0,hyperplane_gauss,36080,45,0.24949291981756688,0.041701972391456364,2,prior,sudden,0,0.2970456185936928,1.0,False,medium,abrupt,prior/sudden/K=2/medium/abrupt/n/a/imbalanced/noisy,0.0,-0.03517673888255424
scn-8571a228d9a0,145783740,EDDM,0.9071835803876853,0.10712054400028137,1,2.0,1.0,0.0,2.0,1.0,0.0,0.0,0.0,0.0,1.0,,,31080.0,31080.0,,,0.032175032175032175,31080.0,hyperplane_gauss,36080,45,0.24949291981756688,0.041701972391456364,2,prior,sudden,0,0.2970456185936928,1.0,False,medium,abrupt,prior/sudden/K=2/medium/abrupt/n/a/imbalanced/noisy,-0.0020809578107183757,-0.03309578107183586
scn-8571a228d9a0,145783740,HDDM_A,0.8869156214367161,0.22499786499975016,1,2.0,1.0,1.0,1.0,0.0,0.0,1.0,0.5,0.6666666666666666,0.5,882.0,882.0,inf,31080.0,inf,17.61904761904762,0.0,31080.0,hyperplane_gauss,36080,45,0.24949291981756688,0.041701972391456364,2,prior,sudden,0,0.2970456185936928,1.0,False,medium,abrupt,prior/sudden/K=2/medium/abrupt/n/a/imbalanced/noisy,-0.0223489167616876,-0.012827822120866639
scn-8571a228d9a0,145783740,HDDM_W,0.9092645381984037,0.18514152899979308,0,2.0,0.0,0.0,2.0,0.0,0.0,,0.0,0.0,1.0,,,inf,31080.0,,,0.0,31080.0,hyperplane_gauss,36080,45,0.24949291981756688,0.041701972391456364,2,prior,sudden,0,0.2970456185936928,1.0,False,medium,abrupt,prior/sudden/K=2/medium/abrupt/n/a/imbalanced/noisy,0.0,-0.03517673888255424
scn-8571a228d9a0,145783740,FHDDM,0.9092645381984037,0.10768796000002112,0,2.0,0.0,0.0,2.0,0.0,0.0,,0.0,0.0,1.0,,,inf,31080.0,,,0.0,31080.0,hyperplane_gauss,36080,45,0.24949291981756688,0.041701972391456364,2,prior,sudden,0,0.2970456185936928,1.0,False,medium,abrupt,prior/sudden/K=2/medium/abrupt/n/a/imbalanced/noisy,0.0,-0.03517673888255424
scn-8571a228d9a0,145783740,NoDrift,0.9092645381984037,0.09591108500035261,0,2.0,0.0,0.0,2.0,0.0,0.0,,0.0,0.0,1.0,,,inf,31080.0,,,0.0,31080.0,hyperplane_gauss,36080,45,0.24949291981756688,0.041701972391456364,2,prior,sudden,0,0.2970456185936928,1.0,False,medium,abrupt,prior/sudden/K=2/medium/abrupt/n/a/imbalanced/noisy,0.0,-0.03517673888255424
scn-8571a228d9a0,145783740,Periodic(2000),0.8415906499429875,0.1014832099999694,17,2.0,17.0,2.0,0.0,15.0,0.0,0.11764705882352941,1.0,0.21052631578947367,0.0,460.0,460.0,2072.0,2072.0,4.504347826086956,4.504347826086956,0.4826254826254826,31080.0,hyperplane_gauss,36080,45,0.24949291981756688,0.041701972391456364,2,prior,sudden,0,0.2970456185936928,1.0,False,medium,abrupt,prior/sudden/K=2/medium/abrupt/n/a/imbalanced/noisy,-0.0676738882554162,0.032497149372861966
scn-8571a228d9a0,145783740,Oracle,0.8740877993158495,0.1040038689998255,2,2.0,2.0,2.0,0.0,0.0,0.0,1.0,1.0,1.0,0.0,1.0,1.0,inf,31080.0,inf,31080.0,0.0,31080.0,hyperplane_gauss,36080,45,0.24949291981756688,0.041701972391456364,2,prior,sudden,0,0.2970456185936928,1.0,False,medium,abrupt,prior/sudden/K=2/medium/abrupt/n/a/imbalanced/noisy,-0.03517673888255424,-0.0
scn-6b7d006cfa8c,490741113,ADWIN,0.7274003861681587,0.0198062529998424,0,4.0,0.0,0.0,4.0,0.0,0.0,,0.0,0.0,1.0,,,inf,11912.0,,,0.0,11912.0,hyperplane_gauss,23788,6,0.43893022211268545,0.23607594575732946,4,real,incremental,719,0.12901849541552124,0.5677302548040947,True,medium,fast,real/incremental/K=4/recurring/medium/fast/partial/balanced/noisy,0.0,0.007196770229945582
scn-6b7d006cfa8c,490741113,KSWIN,0.7274003861681587,4.803499465999721,0,4.0,0.0,0.0,4.0,0.0,0.0,,0.0,0.0,1.0,,,inf,11912.0,,,0.0,11912.0,hyperplane_gauss,23788,6,0.43893022211268545,0.23607594575732946,4,real,incremental,719,0.12901849541552124,0.5677302548040947,True,medium,fast,real/incremental/K=4/recurring/medium/fast/partial/balanced/noisy,0.0,0.007196770229945582
scn-6b7d006cfa8c,490741113,PageHinkley,0.717307354748113,0.028659200000220153,6,4.0,6.0,2.0,2.0,4.0,0.0,0.3333333333333333,0.5,0.4,0.5,2045.5,2045.5,2978.0,2978.0,0.7279393791249084,0.7279393791249084,0.33579583613163194,11912.0,hyperplane_gauss,23788,6,0.43893022211268545,0.23607594575732946,4,real,incremental,719,0.12901849541552124,0.5677302548040947,True,medium,fast,real/incremental/K=4/recurring/medium/fast/partial/balanced/noisy,-0.010093031420045695,0.017289801649991277
scn-6b7d006cfa8c,490741113,PageHinkley-up,0.7218711602597858,0.02606856099964716,1,4.0,1.0,0.0,4.0,1.0,0.0,0.0,0.0,0.0,1.0,,,11912.0,11912.0,,,0.08394895903290799,11912.0,hyperplane_gauss,23788,6,0.43893022211268545,0.23607594575732946,4,real,incremental,719,0.12901849541552124,0.5677302548040947,True,medium,fast,real/incremental/K=4/recurring/medium/fast/partial/balanced/noisy,-0.005529225908372903,0.012725996138318485
scn-6b7d006cfa8c,490741113,DDM,0.7274003861681587,0.025884476999635808,0,4.0,0.0,0.0,4.0,0.0,0.0,,0.0,0.0,1.0,,,inf,11912.0,,,0.0,11912.0,hyperplane_gauss,23788,6,0.43893022211268545,0.23607594575732946,4,real,incremental,719,0.12901849541552124,0.5677302548040947,True,medium,fast,real/incremental/K=4/recurring/medium/fast/partial/balanced/noisy,0.0,0.007196770229945582
scn-6b7d006cfa8c,490741113,EDDM,0.7261716692996314,0.023991466000097716,1,4.0,1.0,0.0,4.0,1.0,0.0,0.0,0.0,0.0,1.0,,,11912.0,11912.0,,,0.08394895903290799,11912.0,hyperplane_gauss,23788,6,0.43893022211268545,0.23607594575732946,4,real,incremental,719,0.12901849541552124,0.5677302548040947,True,medium,fast,real/incremental/K=4/recurring/medium/fast/partial/balanced/noisy,-0.0012287168685273242,0.008425487098472906
scn-6b7d006cfa8c,490741113,HDDM_A,0.7264349657714586,0.06756718599990563,1,4.0,1.0,1.0,3.0,0.0,0.0,1.0,0.25,0.4,0.75,929.0,929.0,inf,11912.0,inf,3.2055974165769645,0.0,11912.0,hyperplane_gauss,23788,6,0.43893022211268545,0.23607594575732946,4,real,incremental,719,0.12901849541552124,0.5677302548040947,True,medium,fast,real/incremental/K=4/recurring/medium/fast/partial/balanced/noisy,-0.0009654203967001118,0.008162190626645693
scn-6b7d006cfa8c,490741113,HDDM_W,0.7180094786729858,0.08372540000027584,7,4.0,7.0,4.0,0.0,2.0,1.0,0.5714285714285714,1.0,0.7272727272727273,0.0,1402.0,1439.0,5956.0,5956.0,4.248216833095578,4.248216833095578,0.16789791806581597,11912.0,hyperplane_gauss,23788,6,0.43893022211268545,0.23607594575732946,4,real,incremental,719,0.12901849541552124,0.5677302548040947,True,medium,fast,real/incremental/K=4/recurring/medium/fast/partial/balanced/noisy,-0.009390907495172907,0.016587677725118488
scn-6b7d006cfa8c,490741113,FHDDM,0.725337897138845,0.02327517900039311,3,4.0,3.0,3.0,1.0,0.0,0.0,1.0,0.75,0.8571428571428571,0.25,1342.0,963.0,inf,11912.0,inf,6.657228017883755,0.0,11912.0,hyperplane_gauss,23788,6,0.43893022211268545,0.23607594575732946,4,real,incremental,719,0.12901849541552124,0.5677302548040947,True,medium,fast,real/incremental/K=4/recurring/medium/fast/partial/balanced/noisy,-0.002062489029313719,0.0092592592592593
scn-6b7d006cfa8c,490741113,NoDrift,0.7274003861681587,0.014423655999962648,0,4.0,0.0,0.0,4.0,0.0,0.0,,0.0,0.0,1.0,,,inf,11912.0,,,0.0,11912.0,hyperplane_gauss,23788,6,0.43893022211268545,0.23607594575732946,4,real,incremental,719,0.12901849541552124,0.5677302548040947,True,medium,fast,real/incremental/K=4/recurring/medium/fast/partial/balanced/noisy,0.0,0.007196770229945582
scn-6b7d006cfa8c,490741113,Periodic(2000),0.7149815692469721,0.015581715000280383,11,4.0,11.0,4.0,0.0,6.0,1.0,0.36363636363636365,1.0,0.5333333333333333,0.0,965.5,965.5,1985.3333333333333,1985.3333333333333,2.05627481443121,2.05627481443121,0.503693754197448,11912.0,hyperplane_gauss,23788,6,0.43893022211268545,0.23607594575732946,4,real,incremental,719,0.12901849541552124,0.5677302548040947,True,medium,fast,real/incremental/K=4/recurring/medium/fast/partial/balanced/noisy,-0.012418816921186626,0.019615587151132208
scn-6b7d006cfa8c,490741113,Oracle,0.7345971563981043,0.016444437999780348,4,4.0,4.0,4.0,0.0,0.0,0.0,1.0,1.0,1.0,0.0,360.0,360.0,inf,11912.0,inf,33.08888888888889,0.0,11912.0,hyperplane_gauss,23788,6,0.43893022211268545,0.23607594575732946,4,real,incremental,719,0.12901849541552124,0.5677302548040947,True,medium,fast,real/incremental/K=4/recurring/medium/fast/partial/balanced/noisy,0.007196770229945582,-0.0
scn-aec888674267,1901525899,ADWIN,0.8277475971583786,0.020615641999938816,0,5.0,0.0,0.0,5.0,0.0,0.0,,0.0,0.0,1.0,,,inf,1965.0,,,0.0,1965.0,hyperplane_gauss,12965,21,0.12075238898396493,0.11353302877396344,5,virtual,sudden,0,0.14811901092529295,0.3707248263061047,True,medium,abrupt,virtual/sudden/K=5/recurring/medium/abrupt/partial/imbalanced/noisy,0.0,-0.011617216882574222
scn-aec888674267,1901525899,KSWIN,0.8277475971583786,2.5508179909998034,0,5.0,0.0,0.0,5.0,0.0,0.0,,0.0,0.0,1.0,,,inf,1965.0,,,0.0,1965.0,hyperplane_gauss,12965,21,0.12075238898396493,0.11353302877396344,5,virtual,sudden,0,0.14811901092529295,0.3707248263061047,True,medium,abrupt,virtual/sudden/K=5/recurring/medium/abrupt/partial/imbalanced/noisy,0.0,-0.011617216882574222
scn-aec888674267,1901525899,PageHinkley,0.8277475971583786,0.023527824999746372,0,5.0,0.0,0.0,5.0,0.0,0.0,,0.0,0.0,1.0,,,inf,1965.0,,,0.0,1965.0,hyperplane_gauss,12965,21,0.12075238898396493,0.11353302877396344,5,virtual,sudden,0,0.14811901092529295,0.3707248263061047,True,medium,abrupt,virtual/sudden/K=5/recurring/medium/abrupt/partial/imbalanced/noisy,0.0,-0.011617216882574222
scn-aec888674267,1901525899,PageHinkley-up,0.8277475971583786,0.022825374000149168,0,5.0,0.0,0.0,5.0,0.0,0.0,,0.0,0.0,1.0,,,inf,1965.0,,,0.0,1965.0,hyperplane_gauss,12965,21,0.12075238898396493,0.11353302877396344,5,virtual,sudden,0,0.14811901092529295,0.3707248263061047,True,medium,abrupt,virtual/sudden/K=5/recurring/medium/abrupt/partial/imbalanced/noisy,0.0,-0.011617216882574222
scn-aec888674267,1901525899,DDM,0.8277475971583786,0.022750404000362323,0,5.0,0.0,0.0,5.0,0.0,0.0,,0.0,0.0,1.0,,,inf,1965.0,,,0.0,1965.0,hyperplane_gauss,12965,21,0.12075238898396493,0.11353302877396344,5,virtual,sudden,0,0.14811901092529295,0.3707248263061047,True,medium,abrupt,virtual/sudden/K=5/recurring/medium/abrupt/partial/imbalanced/noisy,0.0,-0.011617216882574222
scn-aec888674267,1901525899,EDDM,0.8263267864605098,0.03303404500002216,6,5.0,6.0,1.0,4.0,0.0,5.0,0.16666666666666666,0.2,0.1818181818181818,0.8,94.0,94.0,inf,1965.0,inf,4.180851063829786,0.0,1965.0,hyperplane_gauss,12965,21,0.12075238898396493,0.11353302877396344,5,virtual,sudden,0,0.14811901092529295,0.3707248263061047,True,medium,abrupt,virtual/sudden/K=5/recurring/medium/abrupt/partial/imbalanced/noisy,-0.0014208106978688129,-0.010196406184705409
scn-aec888674267,1901525899,HDDM_A,0.8277475971583786,0.04914967200011233,0,5.0,0.0,0.0,5.0,0.0,0.0,,0.0,0.0,1.0,,,inf,1965.0,,,0.0,1965.0,hyperplane_gauss,12965,21,0.12075238898396493,0.11353302877396344,5,virtual,sudden,0,0.14811901092529295,0.3707248263061047,True,medium,abrupt,virtual/sudden/K=5/recurring/medium/abrupt/partial/imbalanced/noisy,0.0,-0.011617216882574222
scn-aec888674267,1901525899,HDDM_W,0.8277475971583786,0.04845579299990277,0,5.0,0.0,0.0,5.0,0.0,0.0,,0.0,0.0,1.0,,,inf,1965.0,,,0.0,1965.0,hyperplane_gauss,12965,21,0.12075238898396493,0.11353302877396344,5,virtual,sudden,0,0.14811901092529295,0.3707248263061047,True,medium,abrupt,virtual/sudden/K=5/recurring/medium/abrupt/partial/imbalanced/noisy,0.0,-0.011617216882574222
scn-aec888674267,1901525899,FHDDM,0.8277475971583786,0.021060592999674554,0,5.0,0.0,0.0,5.0,0.0,0.0,,0.0,0.0,1.0,,,inf,1965.0,,,0.0,1965.0,hyperplane_gauss,12965,21,0.12075238898396493,0.11353302877396344,5,virtual,sudden,0,0.14811901092529295,0.3707248263061047,True,medium,abrupt,virtual/sudden/K=5/recurring/medium/abrupt/partial/imbalanced/noisy,0.0,-0.011617216882574222
scn-aec888674267,1901525899,NoDrift,0.8277475971583786,0.017645526000251266,0,5.0,0.0,0.0,5.0,0.0,0.0,,0.0,0.0,1.0,,,inf,1965.0,,,0.0,1965.0,hyperplane_gauss,12965,21,0.12075238898396493,0.11353302877396344,5,virtual,sudden,0,0.14811901092529295,0.3707248263061047,True,medium,abrupt,virtual/sudden/K=5/recurring/medium/abrupt/partial/imbalanced/noisy,0.0,-0.011617216882574222
scn-aec888674267,1901525899,Periodic(2000),0.8200585039699122,0.0200737840000329,5,5.0,5.0,5.0,0.0,0.0,0.0,1.0,1.0,1.0,0.0,1018.0,1018.0,inf,1965.0,inf,1.9302554027504912,0.0,1965.0,hyperplane_gauss,12965,21,0.12075238898396493,0.11353302877396344,5,virtual,sudden,0,0.14811901092529295,0.3707248263061047,True,medium,abrupt,virtual/sudden/K=5/recurring/medium/abrupt/partial/imbalanced/noisy,-0.007689093188466445,-0.003928123694107777
scn-aec888674267,1901525899,Oracle,0.8161303802758044,0.027243637000083254,5,5.0,5.0,5.0,0.0,0.0,0.0,1.0,1.0,1.0,0.0,1.0,1.0,inf,1965.0,inf,1965.0,0.0,1965.0,hyperplane_gauss,12965,21,0.12075238898396493,0.11353302877396344,5,virtual,sudden,0,0.14811901092529295,0.3707248263061047,True,medium,abrupt,virtual/sudden/K=5/recurring/medium/abrupt/partial/imbalanced/noisy,-0.011617216882574222,-0.0
scn-cae5ee465564,1606523163,ADWIN,0.800043568238754,0.03156774600029166,2,3.0,2.0,1.0,2.0,1.0,0.0,0.5,0.3333333333333333,0.4,0.6666666666666667,629.0,629.0,39587.0,39587.0,20.978802331743506,20.978802331743506,0.025260817945285067,39587.0,hyperplane_gauss,46905,3,0.2829050810076296,0.16175465052947402,3,prior,incremental,106,0.4636347532272339,1.0,False,high,fast,prior/incremental/K=3/high/fast/n/a/imbalanced/noisy,-0.001415967759503256,-0.010260320226554875
scn-cae5ee465564,1606523163,KSWIN,0.8035725955778238,9.61216193600012,1,3.0,1.0,0.0,3.0,1.0,0.0,0.0,0.0,0.0,1.0,,,39587.0,39587.0,,,0.025260817945285067,39587.0,hyperplane_gauss,46905,3,0.2829050810076296,0.16175465052947402,3,prior,incremental,106,0.4636347532272339,1.0,False,high,fast,prior/incremental/K=3/high/fast/n/a/imbalanced/noisy,0.002113059579566534,-0.013789347565624666
scn-cae5ee465564,1606523163,PageHinkley,0.7878880296264024,0.04543472200020915,4,3.0,4.0,2.0,1.0,2.0,0.0,0.5,0.6666666666666666,0.5714285714285715,0.33333333333333337,707.5,707.5,19793.5,19793.5,18.651118963486454,18.651118963486454,0.050521635890570134,39587.0,hyperplane_gauss,46905,3,0.2829050810076296,0.16175465052947402,3,prior,incremental,106,0.4636347532272339,1.0,False,high,fast,prior/incremental/K=3/high/fast/n/a/imbalanced/noisy,-0.013571506371854891,0.0018952183857967597
scn-cae5ee465564,1606523163,PageHinkley-up,0.7976908833460408,0.042816109000341385,3,3.0,3.0,2.0,1.0,1.0,0.0,0.6666666666666666,0.6666666666666666,0.6666666666666666,0.33333333333333337,740.0,740.0,39587.0,39587.0,35.663963963963965,35.663963963963965,0.025260817945285067,39587.0,hyperplane_gauss,46905,3,0.2829050810076296,0.16175465052947402,3,prior,incremental,106,0.4636347532272339,1.0,False,high,fast,prior/incremental/K=3/high/fast/n/a/imbalanced/noisy,-0.0037686526522164865,-0.007907635333841645
scn-cae5ee465564,1606523163,DDM,0.8054678139636205,0.04251060400019924,1,3.0,1.0,1.0,2.0,0.0,0.0,1.0,0.3333333333333333,0.5,0.6666666666666667,2043.0,2043.0,inf,39587.0,inf,6.458965573503017,0.0,39587.0,hyperplane_gauss,46905,3,0.2829050810076296,0.16175465052947402,3,prior,incremental,106,0.4636347532272339,1.0,False,high,fast,prior/incremental/K=3/high/fast/n/a/imbalanced/noisy,0.004008277965363294,-0.015684565951421425
scn-cae5ee465564,1606523163,EDDM,0.8004792506262934,0.03758759899983488,4,3.0,4.0,0.0,3.0,4.0,0.0,0.0,0.0,0.0,1.0,,,9896.75,9896.75,,,0.10104327178114027,39587.0,hyperplane_gauss,46905,3,0.2829050810076296,0.16175465052947402,3,prior,incremental,106,0.4636347532272339,1.0,False,high,fast,prior/incremental/K=3/high/fast/n/a/imbalanced/noisy,-0.0009802853719638183,-0.010696002614094313
scn-cae5ee465564,1606523163,HDDM_A,0.8043786079947718,0.13851860099975966,2,3.0,2.0,1.0,2.0,1.0,0.0,0.5,0.3333333333333333,0.4,0.6666666666666667,658.0,658.0,39587.0,39587.0,20.054204660587633,20.054204660587633,0.025260817945285067,39587.0,hyperplane_gauss,46905,3,0.2829050810076296,0.16175465052947402,3,prior,incremental,106,0.4636347532272339,1.0,False,high,fast,prior/incremental/K=3/high/fast/n/a/imbalanced/noisy,0.002919071996514533,-0.014595359982572664
scn-cae5ee465564,1606523163,HDDM_W,0.7912427840104563,0.14491713200004597,7,3.0,7.0,2.0,1.0,5.0,0.0,0.2857142857142857,0.6666666666666666,0.4,0.33333333333333337,379.5,379.5,7917.4,7917.4,13.908476064997803,13.908476064997803,0.12630408972642534,39587.0,hyperplane_gauss,46905,3,0.2829050810076296,0.16175465052947402,3,prior,incremental,106,0.4636347532272339,1.0,False,high,fast,prior/incremental/K=3/high/fast/n/a/imbalanced/noisy,-0.01021675198780092,-0.001459535998257211
scn-cae5ee465564,1606523163,FHDDM,0.7978433721816796,0.036970778000068094,3,3.0,3.0,2.0,1.0,1.0,0.0,0.6666666666666666,0.6666666666666666,0.6666666666666666,0.33333333333333337,303.0,303.0,39587.0,39587.0,87.1001100110011,87.1001100110011,0.025260817945285067,39587.0,hyperplane_gauss,46905,3,0.2829050810076296,0.16175465052947402,3,prior,incremental,106,0.4636347532272339,1.0,False,high,fast,prior/incremental/K=3/high/fast/n/a/imbalanced/noisy,-0.0036161638165777,-0.008060124169480432
scn-cae5ee465564,1606523163,NoDrift,0.8014595359982573,0.020829950000006647,0,3.0,0.0,0.0,3.0,0.0,0.0,,0.0,0.0,1.0,,,inf,39587.0,,,0.0,39587.0,hyperplane_gauss,46905,3,0.2829050810076296,0.16175465052947402,3,prior,incremental,106,0.4636347532272339,1.0,False,high,fast,prior/incremental/K=3/high/fast/n/a/imbalanced/noisy,0.0,-0.011676287986058131
scn-cae5ee465564,1606523163,Periodic(2000),0.783966888138547,0.022680189999846334,22,3.0,22.0,3.0,0.0,18.0,1.0,0.13636363636363635,1.0,0.24000000000000002,0.0,767.6666666666666,799.0,2199.277777777778,2199.277777777778,2.8648863800839486,2.8648863800839486,0.45469472301513125,39587.0,hyperplane_gauss,46905,3,0.2829050810076296,0.16175465052947402,3,prior,incremental,106,0.4636347532272339,1.0,False,high,fast,prior/incremental/K=3/high/fast/n/a/imbalanced/noisy,-0.017492647859710275,0.005816359873652144
scn-cae5ee465564,1606523163,Oracle,0.7897832480121991,0.023527747000116506,3,3.0,3.0,3.0,0.0,0.0,0.0,1.0,1.0,1.0,0.0,54.0,54.0,inf,39587.0,inf,733.0925925925926,0.0,39587.0,hyperplane_gauss,46905,3,0.2829050810076296,0.16175465052947402,3,prior,incremental,106,0.4636347532272339,1.0,False,high,fast,prior/incremental/K=3/high/fast/n/a/imbalanced/noisy,-0.011676287986058131,-0.0
